ons_id;ons_region_id;constituency_name;county_name;region_name;country_name;Mehrheit
W07000049;W92000004;Aberavon;West Glamorgan;Wales;Wales;Soft Brexit
W07000058;W92000004;Aberconwy;Clwyd;Wales;Wales;Hard Brexit
S14000001;S92000003;Aberdeen North;Scotland;Scotland;Scotland;No Brexit
S14000002;S92000003;Aberdeen South;Scotland;Scotland;Scotland;No Brexit
S14000003;S92000003;Airdrie and Shotts;Scotland;Scotland;Scotland;No Brexit
E14000530;E12000008;Aldershot;Hampshire;South East;England;Hard Brexit
E14000531;E12000005;Aldridge-Brownhills;West Midlands;West Midlands;England;Hard Brexit
E14000532;E12000002;Altrincham and Sale West;Greater Manchester;North West;England;Hard Brexit
W07000043;W92000004;Alyn and Deeside;Clwyd;Wales;Wales;Hard Brexit
E14000533;E12000004;Amber Valley;Derbyshire;East Midlands;England;Hard Brexit
S14000004;S92000003;Angus;Scotland;Scotland;Scotland;No Brexit
W07000057;W92000004;Arfon;Gwynedd;Wales;Wales;No Brexit
S14000005;S92000003;Argyll and Bute;Scotland;Scotland;Scotland;No Brexit
E14000534;E12000008;Arundel and South Downs;West Sussex;South East;England;Hard Brexit
E14000535;E12000004;Ashfield;Nottinghamshire;East Midlands;England;Hard Brexit
E14000536;E12000008;Ashford;Kent;South East;England;Hard Brexit
E14000537;E12000002;Ashton-Under-Lyne;Greater Manchester;North West;England;Soft Brexit
E14000538;E12000008;Aylesbury;Buckinghamshire;South East;England;Hard Brexit
S14000006;S92000003;Ayr, Carrick and Cumnock;Scotland;Scotland;Scotland;No Brexit
E14000539;E12000008;Banbury;Oxfordshire;South East;England;Hard Brexit
S14000007;S92000003;Banff and Buchan;Scotland;Scotland;Scotland;Hard Brexit
E14000540;E12000007;Barking;London;London;England;Soft Brexit
E14000541;E12000003;Barnsley Central;South Yorkshire;Yorkshire and The Humber;England;Hard Brexit
E14000542;E12000003;Barnsley East;South Yorkshire;Yorkshire and The Humber;England;Hard Brexit
E14000543;E12000002;Barrow and Furness;Cumbria;North West;England;Hard Brexit
E14000544;E12000006;Basildon and Billericay;Essex;East;England;Hard Brexit
E14000545;E12000008;Basingstoke;Hampshire;South East;England;Hard Brexit
E14000546;E12000004;Bassetlaw;Nottinghamshire;East Midlands;England;Hard Brexit
E14000547;E12000009;Bath;Avon;South West;England;No Brexit
E14000548;E12000003;Batley and Spen;West Yorkshire;Yorkshire and The Humber;England;Soft Brexit
E14000549;E12000007;Battersea;London;London;England;Soft Brexit
E14000550;E12000008;Beaconsfield;Buckinghamshire;South East;England;Hard Brexit
E14000551;E12000007;Beckenham;London;London;England;Hard Brexit
E14000552;E12000006;Bedford;Bedfordshire;East;England;Hard Brexit
N06000001;N92000002;Belfast East;Northern Ireland;Northern Ireland;Northern Ireland;Soft Brexit
N06000002;N92000002;Belfast North;Northern Ireland;Northern Ireland;Northern Ireland;No Brexit
N06000003;N92000002;Belfast South;Northern Ireland;Northern Ireland;Northern Ireland;No Brexit
N06000004;N92000002;Belfast West;Northern Ireland;Northern Ireland;Northern Ireland;No Brexit
E14000553;E12000007;Bermondsey and Old Southwark;London;London;England;Soft Brexit
S14000008;S92000003;Berwickshire, Roxburgh and Selkirk;Scotland;Scotland;Scotland;Hard Brexit
E14000554;E12000001;Berwick-Upon-Tweed;Northumberland;North East;England;Hard Brexit
E14000555;E12000007;Bethnal Green and Bow;London;London;England;Soft Brexit
E14000556;E12000003;Beverley and Holderness;Humberside;Yorkshire and The Humber;England;Hard Brexit
E14000557;E12000008;Bexhill and Battle;East Sussex;South East;England;Hard Brexit
E14000558;E12000007;Bexleyheath and Crayford;London;London;England;Hard Brexit
E14000559;E12000002;Birkenhead;Merseyside;North West;England;Soft Brexit
E14000560;E12000005;Birmingham, Edgbaston;West Midlands;West Midlands;England;Soft Brexit
E14000561;E12000005;Birmingham, Erdington;West Midlands;West Midlands;England;Soft Brexit
E14000562;E12000005;Birmingham, Hall Green;West Midlands;West Midlands;England;Soft Brexit
E14000563;E12000005;Birmingham, Hodge Hill;West Midlands;West Midlands;England;Soft Brexit
E14000564;E12000005;Birmingham, Ladywood;West Midlands;West Midlands;England;Soft Brexit
E14000565;E12000005;Birmingham, Northfield;West Midlands;West Midlands;England;Hard Brexit
E14000566;E12000005;Birmingham, Perry Barr;West Midlands;West Midlands;England;Soft Brexit
E14000567;E12000005;Birmingham, Selly Oak;West Midlands;West Midlands;England;Soft Brexit
E14000568;E12000005;Birmingham, Yardley;West Midlands;West Midlands;England;Soft Brexit
E14000569;E12000001;Bishop Auckland;Durham;North East;England;Hard Brexit
E14000570;E12000002;Blackburn;Lancashire;North West;England;Soft Brexit
E14000571;E12000002;Blackley and Broughton;Greater Manchester;North West;England;Soft Brexit
E14000572;E12000002;Blackpool North and Cleveleys;Lancashire;North West;England;Hard Brexit
E14000573;E12000002;Blackpool South;Lancashire;North West;England;Hard Brexit
W07000072;W92000004;Blaenau Gwent;Gwent and Mid Glamorgan;Wales;Wales;Soft Brexit
E14000574;E12000001;Blaydon;Tyne and Wear;North East;England;Hard Brexit
E14000575;E12000001;Blyth Valley;Northumberland;North East;England;Hard Brexit
E14000576;E12000008;Bognor Regis and Littlehampton;West Sussex;South East;England;Hard Brexit
E14000577;E12000004;Bolsover;Derbyshire;East Midlands;England;Hard Brexit
E14000578;E12000002;Bolton North East;Greater Manchester;North West;England;Hard Brexit
E14000579;E12000002;Bolton South East;Greater Manchester;North West;England;Soft Brexit
E14000580;E12000002;Bolton West;Greater Manchester;North West;England;Hard Brexit
E14000581;E12000002;Bootle;Merseyside;North West;England;Soft Brexit
E14000582;E12000004;Boston and Skegness;Lincolnshire;East Midlands;England;Hard Brexit
E14000583;E12000004;Bosworth;Leicestershire;East Midlands;England;Hard Brexit
E14000584;E12000009;Bournemouth East;Dorset;South West;England;Hard Brexit
E14000585;E12000009;Bournemouth West;Dorset;South West;England;Hard Brexit
E14000586;E12000008;Bracknell;Berkshire;South East;England;Hard Brexit
E14000587;E12000003;Bradford East;West Yorkshire;Yorkshire and The Humber;England;Soft Brexit
E14000588;E12000003;Bradford South;West Yorkshire;Yorkshire and The Humber;England;Hard Brexit
E14000589;E12000003;Bradford West;West Yorkshire;Yorkshire and The Humber;England;Soft Brexit
E14000590;E12000006;Braintree;Essex;East;England;Hard Brexit
W07000068;W92000004;Brecon and Radnorshire;Powys;Wales;Wales;Hard Brexit
E14000591;E12000007;Brent Central;London;London;England;Soft Brexit
E14000593;E12000007;Brentford and Isleworth;London;London;England;Soft Brexit
E14000592;E12000007;Brent North;London;London;England;Soft Brexit
E14000594;E12000006;Brentwood and Ongar;Essex;East;England;Hard Brexit
W07000073;W92000004;Bridgend;Gwent and Mid Glamorgan;Wales;Wales;Hard Brexit
E14000595;E12000009;Bridgwater and West Somerset;Somerset;South West;England;Hard Brexit
E14000596;E12000003;Brigg and Goole;Humberside;Yorkshire and The Humber;England;Hard Brexit
E14000597;E12000008;Brighton, Kemptown;East Sussex;South East;England;Soft Brexit
E14000598;E12000008;Brighton, Pavilion;East Sussex;South East;England;No Brexit
E14000599;E12000009;Bristol East;Avon;South West;England;Soft Brexit
E14000600;E12000009;Bristol North West;Avon;South West;England;Soft Brexit
E14000601;E12000009;Bristol South;Avon;South West;England;Soft Brexit
E14000602;E12000009;Bristol West;Avon;South West;England;Soft Brexit
E14000603;E12000006;Broadland;Norfolk;East;England;Hard Brexit
E14000604;E12000007;Bromley and Chislehurst;London;London;England;Hard Brexit
E14000605;E12000005;Bromsgrove;Hereford and Worcester;West Midlands;England;Hard Brexit
E14000606;E12000006;Broxbourne;Hertfordshire;East;England;Hard Brexit
E14000607;E12000004;Broxtowe;Nottinghamshire;East Midlands;England;Hard Brexit
E14000608;E12000008;Buckingham;Buckinghamshire;South East;England;Hard Brexit
E14000609;E12000002;Burnley;Lancashire;North West;England;Hard Brexit
E14000610;E12000005;Burton;Staffordshire;West Midlands;England;Hard Brexit
E14000611;E12000002;Bury North;Greater Manchester;North West;England;Hard Brexit
E14000612;E12000002;Bury South;Greater Manchester;North West;England;Hard Brexit
E14000613;E12000006;Bury St Edmunds;Suffolk;East;England;Hard Brexit
W07000076;W92000004;Caerphilly;Gwent and Mid Glamorgan;Wales;Wales;Soft Brexit
S14000009;S92000003;Caithness, Sutherland and Easter Ross;Scotland;Scotland;Scotland;No Brexit
E14000614;E12000003;Calder Valley;West Yorkshire;Yorkshire and The Humber;England;Hard Brexit
E14000615;E12000007;Camberwell and Peckham;London;London;England;Soft Brexit
E14000616;E12000009;Camborne and Redruth;Cornwall;South West;England;Hard Brexit
E14000617;E12000006;Cambridge;Cambridgeshire;East;England;Soft Brexit
E14000618;E12000005;Cannock Chase;Staffordshire;West Midlands;England;Hard Brexit
E14000619;E12000008;Canterbury;Kent;South East;England;Soft Brexit
W07000050;W92000004;Cardiff Central;South Glamorgan;Wales;Wales;Soft Brexit
W07000051;W92000004;Cardiff North;South Glamorgan;Wales;Wales;Soft Brexit
W07000080;W92000004;Cardiff South and Penarth;South Glamorgan;Wales;Wales;Soft Brexit
W07000079;W92000004;Cardiff West;South Glamorgan;Wales;Wales;Soft Brexit
E14000620;E12000002;Carlisle;Cumbria;North West;England;Hard Brexit
W07000067;W92000004;Carmarthen East and Dinefwr;Dyfed;Wales;Wales;Hard Brexit
W07000066;W92000004;Carmarthen West and South Pembrokeshire;Dyfed;Wales;Wales;Hard Brexit
E14000621;E12000007;Carshalton and Wallington;London;London;England;Hard Brexit
E14000622;E12000006;Castle Point;Essex;East;England;Hard Brexit
S14000010;S92000003;Central Ayrshire;Scotland;Scotland;Scotland;No Brexit
E14000623;E12000009;Central Devon;Devon;South West;England;Hard Brexit
E14000624;E12000006;Central Suffolk and North Ipswich;Suffolk;East;England;Hard Brexit
W07000064;W92000004;Ceredigion;Dyfed;Wales;Wales;No Brexit
E14000625;E12000004;Charnwood;Leicestershire;East Midlands;England;Hard Brexit
E14000626;E12000008;Chatham and Aylesford;Kent;South East;England;Hard Brexit
E14000627;E12000002;Cheadle;Greater Manchester;North West;England;Hard Brexit
E14000628;E12000006;Chelmsford;Essex;East;England;Hard Brexit
E14000629;E12000007;Chelsea and Fulham;London;London;England;Hard Brexit
E14000630;E12000009;Cheltenham;Gloucestershire;South West;England;Hard Brexit
E14000631;E12000008;Chesham and Amersham;Buckinghamshire;South East;England;Hard Brexit
E14000632;E12000004;Chesterfield;Derbyshire;East Midlands;England;Hard Brexit
E14000633;E12000008;Chichester;West Sussex;South East;England;Hard Brexit
E14000634;E12000007;Chingford and Woodford Green;London;London;England;Hard Brexit
E14000635;E12000009;Chippenham;Wiltshire;South West;England;Hard Brexit
E14000636;E12000007;Chipping Barnet;London;London;England;Hard Brexit
E14000637;E12000002;Chorley;Lancashire;North West;England;No Brexit
E14000638;E12000009;Christchurch;Dorset;South West;England;Hard Brexit
E14000639;E12000007;Cities Of London and Westminster;London;London;England;Hard Brexit
E14000640;E12000002;City Of Chester;Cheshire;North West;England;Soft Brexit
E14000641;E12000001;City Of Durham;Durham;North East;England;Soft Brexit
E14000642;E12000006;Clacton;Essex;East;England;Hard Brexit
E14000643;E12000003;Cleethorpes;Humberside;Yorkshire and The Humber;England;Hard Brexit
W07000062;W92000004;Clwyd South;Clwyd;Wales;Wales;Hard Brexit
W07000059;W92000004;Clwyd West;Clwyd;Wales;Wales;Hard Brexit
S14000011;S92000003;Coatbridge, Chryston and Bellshill;Scotland;Scotland;Scotland;No Brexit
E14000644;E12000006;Colchester;Essex;East;England;Hard Brexit
E14000645;E12000003;Colne Valley;West Yorkshire;Yorkshire and The Humber;England;Hard Brexit
E14000646;E12000002;Congleton;Cheshire;North West;England;Hard Brexit
E14000647;E12000002;Copeland;Cumbria;North West;England;Hard Brexit
E14000648;E12000004;Corby;Northamptonshire;East Midlands;England;Hard Brexit
E14000649;E12000005;Coventry North East;West Midlands;West Midlands;England;Soft Brexit
E14000650;E12000005;Coventry North West;West Midlands;West Midlands;England;Hard Brexit
E14000651;E12000005;Coventry South;West Midlands;West Midlands;England;Hard Brexit
E14000652;E12000008;Crawley;West Sussex;South East;England;Hard Brexit
E14000653;E12000002;Crewe and Nantwich;Cheshire;North West;England;Hard Brexit
E14000654;E12000007;Croydon Central;London;London;England;Soft Brexit
E14000655;E12000007;Croydon North;London;London;England;Soft Brexit
E14000656;E12000007;Croydon South;London;London;England;Hard Brexit
S14000012;S92000003;Cumbernauld, Kilsyth and Kirkintilloch East;Scotland;Scotland;Scotland;No Brexit
W07000070;W92000004;Cynon Valley;Gwent and Mid Glamorgan;Wales;Wales;Soft Brexit
E14000657;E12000007;Dagenham and Rainham;London;London;England;Hard Brexit
E14000658;E12000001;Darlington;Durham;North East;England;Hard Brexit
E14000659;E12000008;Dartford;Kent;South East;England;Hard Brexit
E14000660;E12000004;Daventry;Northamptonshire;East Midlands;England;Hard Brexit
W07000042;W92000004;Delyn;Clwyd;Wales;Wales;Hard Brexit
E14000661;E12000002;Denton and Reddish;Greater Manchester;North West;England;Soft Brexit
E14000662;E12000004;Derby North;Derbyshire;East Midlands;England;Hard Brexit
E14000664;E12000004;Derbyshire Dales;Derbyshire;East Midlands;England;Hard Brexit
E14000663;E12000004;Derby South;Derbyshire;East Midlands;England;Soft Brexit
E14000665;E12000009;Devizes;Wiltshire;South West;England;Hard Brexit
E14000666;E12000003;Dewsbury;West Yorkshire;Yorkshire and The Humber;England;Hard Brexit
E14000668;E12000003;Doncaster Central;South Yorkshire;Yorkshire and The Humber;England;Hard Brexit
E14000669;E12000003;Doncaster North;South Yorkshire;Yorkshire and The Humber;England;Hard Brexit
E14000667;E12000003;Don Valley;South Yorkshire;Yorkshire and The Humber;England;Hard Brexit
E14000670;E12000008;Dover;Kent;South East;England;Hard Brexit
E14000671;E12000005;Dudley North;West Midlands;West Midlands;England;Hard Brexit
E14000672;E12000005;Dudley South;West Midlands;West Midlands;England;Hard Brexit
E14000673;E12000007;Dulwich and West Norwood;London;London;England;Soft Brexit
S14000013;S92000003;Dumfries and Galloway;Scotland;Scotland;Scotland;No Brexit
S14000014;S92000003;Dumfriesshire, Clydesdale and Tweeddale;Scotland;Scotland;Scotland;Hard Brexit
S14000015;S92000003;Dundee East;Scotland;Scotland;Scotland;No Brexit
S14000016;S92000003;Dundee West;Scotland;Scotland;Scotland;No Brexit
S14000017;S92000003;Dunfermline and West Fife;Scotland;Scotland;Scotland;No Brexit
W07000061;W92000004;Dwyfor Meirionnydd;Gwynedd;Wales;Wales;No Brexit
E14000674;E12000007;Ealing Central and Acton;London;London;England;Soft Brexit
E14000675;E12000007;Ealing North;London;London;England;Soft Brexit
E14000676;E12000007;Ealing, Southall;London;London;England;Soft Brexit
E14000677;E12000001;Easington;Durham;North East;England;Hard Brexit
N06000005;N92000002;East Antrim;Northern Ireland;Northern Ireland;Northern Ireland;Soft Brexit
E14000684;E12000008;Eastbourne;East Sussex;South East;England;Hard Brexit
E14000678;E12000009;East Devon;Devon;South West;England;Hard Brexit
S14000018;S92000003;East Dunbartonshire;Scotland;Scotland;Scotland;No Brexit
E14000679;E12000007;East Ham;London;London;England;Soft Brexit
E14000680;E12000008;East Hampshire;Hampshire;South East;England;Hard Brexit
S14000019;S92000003;East Kilbride, Strathaven and Lesmahagow;Scotland;Scotland;Scotland;No Brexit
E14000685;E12000008;Eastleigh;Hampshire;South East;England;Hard Brexit
N06000006;N92000002;East Londonderry;Northern Ireland;Northern Ireland;Northern Ireland;Soft Brexit
S14000020;S92000003;East Lothian;Scotland;Scotland;Scotland;No Brexit
S14000021;S92000003;East Renfrewshire;Scotland;Scotland;Scotland;No Brexit
E14000681;E12000008;East Surrey;Surrey;South East;England;Hard Brexit
E14000682;E12000008;East Worthing and Shoreham;West Sussex;South East;England;Hard Brexit
E14000683;E12000003;East Yorkshire;Humberside;Yorkshire and The Humber;England;Hard Brexit
E14000686;E12000002;Eddisbury;Cheshire;North West;England;Hard Brexit
S14000022;S92000003;Edinburgh East;Scotland;Scotland;Scotland;No Brexit
S14000023;S92000003;Edinburgh North and Leith;Scotland;Scotland;Scotland;No Brexit
S14000024;S92000003;Edinburgh South;Scotland;Scotland;Scotland;Soft Brexit
S14000025;S92000003;Edinburgh South West;Scotland;Scotland;Scotland;No Brexit
S14000026;S92000003;Edinburgh West;Scotland;Scotland;Scotland;No Brexit
E14000687;E12000007;Edmonton;London;London;England;Soft Brexit
E14000688;E12000002;Ellesmere Port and Neston;Cheshire;North West;England;Soft Brexit
E14000689;E12000003;Elmet and Rothwell;West Yorkshire;Yorkshire and The Humber;England;Hard Brexit
E14000690;E12000007;Eltham;London;London;England;Soft Brexit
E14000691;E12000007;Enfield North;London;London;England;Soft Brexit
E14000692;E12000007;Enfield, Southgate;London;London;England;Soft Brexit
E14000693;E12000006;Epping Forest;Essex;East;England;Hard Brexit
E14000694;E12000008;Epsom and Ewell;Surrey;South East;England;Hard Brexit
E14000695;E12000004;Erewash;Derbyshire;East Midlands;England;Hard Brexit
E14000696;E12000007;Erith and Thamesmead;London;London;England;Soft Brexit
E14000697;E12000008;Esher and Walton;Surrey;South East;England;Hard Brexit
E14000698;E12000009;Exeter;Devon;South West;England;Soft Brexit
S14000028;S92000003;Falkirk;Scotland;Scotland;Scotland;No Brexit
E14000699;E12000008;Fareham;Hampshire;South East;England;Hard Brexit
E14000700;E12000008;Faversham and Mid Kent;Kent;South East;England;Hard Brexit
E14000701;E12000007;Feltham and Heston;London;London;England;Soft Brexit
N06000007;N92000002;Fermanagh and South Tyrone;Northern Ireland;Northern Ireland;Northern Ireland;No Brexit
E14000702;E12000009;Filton and Bradley Stoke;Avon;South West;England;Hard Brexit
E14000703;E12000007;Finchley and Golders Green;London;London;England;Hard Brexit
E14000704;E12000008;Folkestone and Hythe;Kent;South East;England;Hard Brexit
E14000705;E12000009;Forest Of Dean;Gloucestershire;South West;England;Hard Brexit
N06000008;N92000002;Foyle;Northern Ireland;Northern Ireland;Northern Ireland;No Brexit
E14000706;E12000002;Fylde;Lancashire;North West;England;Hard Brexit
E14000707;E12000004;Gainsborough;Lincolnshire;East Midlands;England;Hard Brexit
E14000708;E12000002;Garston and Halewood;Merseyside;North West;England;Soft Brexit
E14000709;E12000001;Gateshead;Tyne and Wear;North East;England;Soft Brexit
E14000710;E12000004;Gedling;Nottinghamshire;East Midlands;England;Hard Brexit
E14000711;E12000008;Gillingham and Rainham;Kent;South East;England;Hard Brexit
S14000029;S92000003;Glasgow Central;Scotland;Scotland;Scotland;No Brexit
S14000030;S92000003;Glasgow East;Scotland;Scotland;Scotland;No Brexit
S14000031;S92000003;Glasgow North;Scotland;Scotland;Scotland;No Brexit
S14000032;S92000003;Glasgow North East;Scotland;Scotland;Scotland;No Brexit
S14000033;S92000003;Glasgow North West;Scotland;Scotland;Scotland;No Brexit
S14000034;S92000003;Glasgow South;Scotland;Scotland;Scotland;No Brexit
S14000035;S92000003;Glasgow South West;Scotland;Scotland;Scotland;No Brexit
S14000036;S92000003;Glenrothes;Scotland;Scotland;Scotland;No Brexit
E14000712;E12000009;Gloucester;Gloucestershire;South West;England;Hard Brexit
S14000037;S92000003;Gordon;Scotland;Scotland;Scotland;No Brexit
E14000713;E12000008;Gosport;Hampshire;South East;England;Hard Brexit
W07000046;W92000004;Gower;West Glamorgan;Wales;Wales;Soft Brexit
E14000714;E12000004;Grantham and Stamford;Lincolnshire;East Midlands;England;Hard Brexit
E14000715;E12000008;Gravesham;Kent;South East;England;Hard Brexit
E14000716;E12000003;Great Grimsby;Humberside;Yorkshire and The Humber;England;Hard Brexit
E14000717;E12000006;Great Yarmouth;Norfolk;East;England;Hard Brexit
E14000718;E12000007;Greenwich and Woolwich;London;London;England;Soft Brexit
E14000719;E12000008;Guildford;Surrey;South East;England;Hard Brexit
E14000720;E12000007;Hackney North and Stoke Newington;London;London;England;Soft Brexit
E14000721;E12000007;Hackney South and Shoreditch;London;London;England;Soft Brexit
E14000722;E12000005;Halesowen and Rowley Regis;West Midlands;West Midlands;England;Hard Brexit
E14000723;E12000003;Halifax;West Yorkshire;Yorkshire and The Humber;England;Hard Brexit
E14000724;E12000003;Haltemprice and Howden;Humberside;Yorkshire and The Humber;England;Hard Brexit
E14000725;E12000002;Halton;Cheshire;North West;England;Soft Brexit
E14000726;E12000007;Hammersmith;London;London;England;Soft Brexit
E14000727;E12000007;Hampstead and Kilburn;London;London;England;Soft Brexit
E14000728;E12000004;Harborough;Leicestershire;East Midlands;England;Hard Brexit
E14000729;E12000006;Harlow;Essex;East;England;Hard Brexit
E14000730;E12000003;Harrogate and Knaresborough;North Yorkshire;Yorkshire and The Humber;England;Hard Brexit
E14000731;E12000007;Harrow East;London;London;England;Hard Brexit
E14000732;E12000007;Harrow West;London;London;England;Soft Brexit
E14000733;E12000001;Hartlepool;Cleveland;North East;England;Hard Brexit
E14000734;E12000006;Harwich and North Essex;Essex;East;England;Hard Brexit
E14000735;E12000008;Hastings and Rye;East Sussex;South East;England;Hard Brexit
E14000736;E12000008;Havant;Hampshire;South East;England;Hard Brexit
E14000737;E12000007;Hayes and Harlington;London;London;England;Soft Brexit
E14000738;E12000002;Hazel Grove;Greater Manchester;North West;England;Hard Brexit
E14000739;E12000006;Hemel Hempstead;Hertfordshire;East;England;Hard Brexit
E14000740;E12000003;Hemsworth;West Yorkshire;Yorkshire and The Humber;England;Hard Brexit
E14000741;E12000007;Hendon;London;London;England;Hard Brexit
E14000742;E12000008;Henley;Oxfordshire;South East;England;Hard Brexit
E14000743;E12000005;Hereford and South Herefordshire;Hereford and Worcester;West Midlands;England;Hard Brexit
E14000744;E12000006;Hertford and Stortford;Hertfordshire;East;England;Hard Brexit
E14000745;E12000006;Hertsmere;Hertfordshire;East;England;Hard Brexit
E14000746;E12000001;Hexham;Northumberland;North East;England;Hard Brexit
E14000747;E12000002;Heywood and Middleton;Greater Manchester;North West;England;Hard Brexit
E14000748;E12000004;High Peak;Derbyshire;East Midlands;England;Hard Brexit
E14000749;E12000006;Hitchin and Harpenden;Hertfordshire;East;England;Hard Brexit
E14000750;E12000007;Holborn and St Pancras;London;London;England;Soft Brexit
E14000751;E12000007;Hornchurch and Upminster;London;London;England;Hard Brexit
E14000752;E12000007;Hornsey and Wood Green;London;London;England;Soft Brexit
E14000753;E12000008;Horsham;West Sussex;South East;England;Hard Brexit
E14000754;E12000001;Houghton and Sunderland South;Tyne and Wear;North East;England;Hard Brexit
E14000755;E12000008;Hove;East Sussex;South East;England;Soft Brexit
E14000756;E12000003;Huddersfield;West Yorkshire;Yorkshire and The Humber;England;Soft Brexit
E14000757;E12000006;Huntingdon;Cambridgeshire;East;England;Hard Brexit
E14000758;E12000002;Hyndburn;Lancashire;North West;England;Hard Brexit
E14000759;E12000007;Ilford North;London;London;England;Soft Brexit
E14000760;E12000007;Ilford South;London;London;England;Soft Brexit
S14000038;S92000003;Inverclyde;Scotland;Scotland;Scotland;No Brexit
S14000039;S92000003;Inverness, Nairn, Badenoch and Strathspey;Scotland;Scotland;Scotland;No Brexit
E14000761;E12000006;Ipswich;Suffolk;East;England;Hard Brexit
E14000762;E12000008;Isle Of Wight;Isle of Wight;South East;England;Hard Brexit
E14000763;E12000007;Islington North;London;London;England;Soft Brexit
E14000764;E12000007;Islington South and Finsbury;London;London;England;Soft Brexit
W07000077;W92000004;Islwyn;Gwent and Mid Glamorgan;Wales;Wales;Soft Brexit
E14000765;E12000001;Jarrow;Tyne and Wear;North East;England;Soft Brexit
E14000766;E12000003;Keighley;West Yorkshire;Yorkshire and The Humber;England;Hard Brexit
E14000767;E12000005;Kenilworth and Southam;Warwickshire;West Midlands;England;Hard Brexit
E14000768;E12000007;Kensington;London;London;England;Hard Brexit
E14000769;E12000004;Kettering;Northamptonshire;East Midlands;England;Hard Brexit
S14000040;S92000003;Kilmarnock and Loudoun;Scotland;Scotland;Scotland;No Brexit
E14000770;E12000007;Kingston and Surbiton;London;London;England;No Brexit
E14000771;E12000003;Kingston upon Hull East;Humberside;Yorkshire and The Humber;England;Hard Brexit
E14000772;E12000003;Kingston upon Hull North;Humberside;Yorkshire and The Humber;England;Soft Brexit
E14000773;E12000003;Kingston upon Hull West and Hessle;Humberside;Yorkshire and The Humber;England;Hard Brexit
E14000774;E12000009;Kingswood;Avon;South West;England;Hard Brexit
S14000041;S92000003;Kirkcaldy and Cowdenbeath;Scotland;Scotland;Scotland;No Brexit
E14000775;E12000002;Knowsley;Merseyside;North West;England;Soft Brexit
N06000009;N92000002;Lagan Valley;Northern Ireland;Northern Ireland;Northern Ireland;Soft Brexit
S14000042;S92000003;Lanark and Hamilton East;Scotland;Scotland;Scotland;No Brexit
E14000776;E12000002;Lancaster and Fleetwood;Lancashire;North West;England;Soft Brexit
E14000777;E12000003;Leeds Central;West Yorkshire;Yorkshire and The Humber;England;Soft Brexit
E14000778;E12000003;Leeds East;West Yorkshire;Yorkshire and The Humber;England;Soft Brexit
E14000779;E12000003;Leeds North East;West Yorkshire;Yorkshire and The Humber;England;Soft Brexit
E14000780;E12000003;Leeds North West;West Yorkshire;Yorkshire and The Humber;England;Soft Brexit
E14000781;E12000003;Leeds West;West Yorkshire;Yorkshire and The Humber;England;Soft Brexit
E14000782;E12000004;Leicester East;Leicestershire;East Midlands;England;Soft Brexit
E14000783;E12000004;Leicester South;Leicestershire;East Midlands;England;Soft Brexit
E14000784;E12000004;Leicester West;Leicestershire;East Midlands;England;Soft Brexit
E14000785;E12000002;Leigh;Greater Manchester;North West;England;Hard Brexit
E14000786;E12000008;Lewes;East Sussex;South East;England;Hard Brexit
E14000789;E12000007;Lewisham, Deptford;London;London;England;Soft Brexit
E14000787;E12000007;Lewisham East;London;London;England;Soft Brexit
E14000788;E12000007;Lewisham West and Penge;London;London;England;Soft Brexit
E14000790;E12000007;Leyton and Wanstead;London;London;England;Soft Brexit
E14000791;E12000005;Lichfield;Staffordshire;West Midlands;England;Hard Brexit
E14000792;E12000004;Lincoln;Lincolnshire;East Midlands;England;Hard Brexit
S14000043;S92000003;Linlithgow and East Falkirk;Scotland;Scotland;Scotland;No Brexit
E14000793;E12000002;Liverpool, Riverside;Merseyside;North West;England;Soft Brexit
E14000794;E12000002;Liverpool, Walton;Merseyside;North West;England;Soft Brexit
E14000795;E12000002;Liverpool, Wavertree;Merseyside;North West;England;Soft Brexit
E14000796;E12000002;Liverpool, West Derby;Merseyside;North West;England;Soft Brexit
S14000044;S92000003;Livingston;Scotland;Scotland;Scotland;No Brexit
W07000045;W92000004;Llanelli;Dyfed;Wales;Wales;Soft Brexit
E14000797;E12000004;Loughborough;Leicestershire;East Midlands;England;Hard Brexit
E14000798;E12000004;Louth and Horncastle;Lincolnshire;East Midlands;England;Hard Brexit
E14000799;E12000005;Ludlow;Shropshire;West Midlands;England;Hard Brexit
E14000800;E12000006;Luton North;Bedfordshire;East;England;Soft Brexit
E14000801;E12000006;Luton South;Bedfordshire;East;England;Soft Brexit
E14000802;E12000002;Macclesfield;Cheshire;North West;England;Hard Brexit
E14000803;E12000008;Maidenhead;Berkshire;South East;England;Hard Brexit
E14000804;E12000008;Maidstone and The Weald;Kent;South East;England;Hard Brexit
E14000805;E12000002;Makerfield;Greater Manchester;North West;England;Hard Brexit
E14000806;E12000006;Maldon;Essex;East;England;Hard Brexit
E14000807;E12000002;Manchester Central;Greater Manchester;North West;England;Soft Brexit
E14000808;E12000002;Manchester, Gorton;Greater Manchester;North West;England;Soft Brexit
E14000809;E12000002;Manchester, Withington;Greater Manchester;North West;England;Soft Brexit
E14000810;E12000004;Mansfield;Nottinghamshire;East Midlands;England;Hard Brexit
E14000811;E12000008;Meon Valley;Hampshire;South East;England;Hard Brexit
E14000812;E12000005;Meriden;West Midlands;West Midlands;England;Hard Brexit
W07000071;W92000004;Merthyr Tydfil and Rhymney;Gwent and Mid Glamorgan;Wales;Wales;Soft Brexit
E14000813;E12000006;Mid Bedfordshire;Bedfordshire;East;England;Hard Brexit
E14000814;E12000004;Mid Derbyshire;Derbyshire;East Midlands;England;Hard Brexit
E14000819;E12000001;Middlesbrough;Cleveland;North East;England;Soft Brexit
E14000820;E12000001;Middlesbrough South and East Cleveland;Cleveland;North East;England;Hard Brexit
E14000815;E12000009;Mid Dorset and North Poole;Dorset;South West;England;Hard Brexit
S14000045;S92000003;Midlothian;Scotland;Scotland;Scotland;No Brexit
E14000816;E12000006;Mid Norfolk;Norfolk;East;England;Hard Brexit
E14000817;E12000008;Mid Sussex;West Sussex;South East;England;Hard Brexit
N06000010;N92000002;Mid Ulster;Northern Ireland;Northern Ireland;Northern Ireland;No Brexit
E14000818;E12000005;Mid Worcestershire;Hereford and Worcester;West Midlands;England;Hard Brexit
E14000821;E12000008;Milton Keynes North;Buckinghamshire;South East;England;Hard Brexit
E14000822;E12000008;Milton Keynes South;Buckinghamshire;South East;England;Hard Brexit
E14000823;E12000007;Mitcham and Morden;London;London;England;Soft Brexit
E14000824;E12000008;Mole Valley;Surrey;South East;England;Hard Brexit
W07000054;W92000004;Monmouth;Gwent and Mid Glamorgan;Wales;Wales;Hard Brexit
W07000063;W92000004;Montgomeryshire;Powys;Wales;Wales;Hard Brexit
S14000046;S92000003;Moray;Scotland;Scotland;Scotland;No Brexit
E14000825;E12000002;Morecambe and Lunesdale;Lancashire;North West;England;Hard Brexit
E14000826;E12000003;Morley and Outwood;West Yorkshire;Yorkshire and The Humber;England;Hard Brexit
S14000047;S92000003;Motherwell and Wishaw;Scotland;Scotland;Scotland;No Brexit
S14000027;S92000003;Na h-Eileanan An Iar;Scotland;Scotland;Scotland;No Brexit
W07000069;W92000004;Neath;West Glamorgan;Wales;Wales;Soft Brexit
E14000829;E12000004;Newark;Nottinghamshire;East Midlands;England;Hard Brexit
E14000830;E12000008;Newbury;Berkshire;South East;England;Hard Brexit
E14000834;E12000005;Newcastle-Under-Lyme;Staffordshire;West Midlands;England;Hard Brexit
E14000831;E12000001;Newcastle Upon Tyne Central;Tyne and Wear;North East;England;Soft Brexit
E14000832;E12000001;Newcastle Upon Tyne East;Tyne and Wear;North East;England;Soft Brexit
E14000833;E12000001;Newcastle Upon Tyne North;Tyne and Wear;North East;England;Soft Brexit
E14000827;E12000008;New Forest East;Hampshire;South East;England;Hard Brexit
E14000828;E12000008;New Forest West;Hampshire;South East;England;Hard Brexit
W07000055;W92000004;Newport East;Gwent and Mid Glamorgan;Wales;Wales;Hard Brexit
W07000056;W92000004;Newport West;Gwent and Mid Glamorgan;Wales;Wales;Hard Brexit
N06000011;N92000002;Newry and Armagh;Northern Ireland;Northern Ireland;Northern Ireland;No Brexit
E14000835;E12000009;Newton Abbot;Devon;South West;England;Hard Brexit
E14000836;E12000003;Normanton, Pontefract and Castleford;West Yorkshire;Yorkshire and The Humber;England;Hard Brexit
E14000861;E12000004;Northampton North;Northamptonshire;East Midlands;England;Hard Brexit
E14000862;E12000004;Northampton South;Northamptonshire;East Midlands;England;Hard Brexit
N06000012;N92000002;North Antrim;Northern Ireland;Northern Ireland;Northern Ireland;Soft Brexit
S14000048;S92000003;North Ayrshire and Arran;Scotland;Scotland;Scotland;No Brexit
E14000837;E12000009;North Cornwall;Cornwall;South West;England;Hard Brexit
E14000838;E12000009;North Devon;Devon;South West;England;Hard Brexit
E14000839;E12000009;North Dorset;Dorset;South West;England;Hard Brexit
N06000013;N92000002;North Down;Northern Ireland;Northern Ireland;Northern Ireland;Soft Brexit
E14000840;E12000001;North Durham;Durham;North East;England;Soft Brexit
E14000841;E12000006;North East Bedfordshire;Bedfordshire;East;England;Hard Brexit
E14000842;E12000006;North East Cambridgeshire;Cambridgeshire;East;England;Hard Brexit
E14000843;E12000004;North East Derbyshire;Derbyshire;East Midlands;England;Hard Brexit
S14000049;S92000003;North East Fife;Scotland;Scotland;Scotland;No Brexit
E14000844;E12000008;North East Hampshire;Hampshire;South East;England;Hard Brexit
E14000845;E12000006;North East Hertfordshire;Hertfordshire;East;England;Hard Brexit
E14000846;E12000009;North East Somerset;Avon;South West;England;Hard Brexit
E14000847;E12000005;North Herefordshire;Hereford and Worcester;West Midlands;England;Hard Brexit
E14000848;E12000006;North Norfolk;Norfolk;East;England;Hard Brexit
E14000849;E12000005;North Shropshire;Shropshire;West Midlands;England;Hard Brexit
E14000850;E12000009;North Somerset;Avon;South West;England;Hard Brexit
E14000851;E12000009;North Swindon;Wiltshire;South West;England;Hard Brexit
E14000852;E12000008;North Thanet;Kent;South East;England;Hard Brexit
E14000853;E12000001;North Tyneside;Tyne and Wear;North East;England;Soft Brexit
E14000854;E12000005;North Warwickshire;Warwickshire;West Midlands;England;Hard Brexit
E14000855;E12000006;North West Cambridgeshire;Cambridgeshire;East;England;Hard Brexit
E14000856;E12000001;North West Durham;Durham;North East;England;Hard Brexit
E14000857;E12000008;North West Hampshire;Hampshire;South East;England;Hard Brexit
E14000858;E12000004;North West Leicestershire;Leicestershire;East Midlands;England;Hard Brexit
E14000859;E12000006;North West Norfolk;Norfolk;East;England;Hard Brexit
E14000860;E12000009;North Wiltshire;Wiltshire;South West;England;Hard Brexit
E14000863;E12000006;Norwich North;Norfolk;East;England;Hard Brexit
E14000864;E12000006;Norwich South;Norfolk;East;England;Soft Brexit
E14000865;E12000004;Nottingham East;Nottinghamshire;East Midlands;England;Soft Brexit
E14000866;E12000004;Nottingham North;Nottinghamshire;East Midlands;England;Soft Brexit
E14000867;E12000004;Nottingham South;Nottinghamshire;East Midlands;England;Soft Brexit
E14000868;E12000005;Nuneaton;Warwickshire;West Midlands;England;Hard Brexit
S14000050;S92000003;Ochil and South Perthshire;Scotland;Scotland;Scotland;No Brexit
W07000074;W92000004;Ogmore;Gwent and Mid Glamorgan;Wales;Wales;Soft Brexit
E14000869;E12000007;Old Bexley and Sidcup;London;London;England;Hard Brexit
E14000870;E12000002;Oldham East and Saddleworth;Greater Manchester;North West;England;Hard Brexit
E14000871;E12000002;Oldham West and Royton;Greater Manchester;North West;England;Soft Brexit
S14000051;S92000003;Orkney and Shetland;Scotland;Scotland;Scotland;No Brexit
E14000872;E12000007;Orpington;London;London;England;Hard Brexit
E14000873;E12000008;Oxford East;Oxfordshire;South East;England;Soft Brexit
E14000874;E12000008;Oxford West and Abingdon;Oxfordshire;South East;England;No Brexit
S14000052;S92000003;Paisley and Renfrewshire North;Scotland;Scotland;Scotland;No Brexit
S14000053;S92000003;Paisley and Renfrewshire South;Scotland;Scotland;Scotland;No Brexit
E14000875;E12000002;Pendle;Lancashire;North West;England;Hard Brexit
E14000876;E12000003;Penistone and Stocksbridge;South Yorkshire;Yorkshire and The Humber;England;Hard Brexit
E14000877;E12000002;Penrith and The Border;Cumbria;North West;England;Hard Brexit
S14000054;S92000003;Perth and North Perthshire;Scotland;Scotland;Scotland;No Brexit
E14000878;E12000006;Peterborough;Cambridgeshire;East;England;Hard Brexit
E14000879;E12000009;Plymouth, Moor View;Devon;South West;England;Hard Brexit
E14000880;E12000009;Plymouth, Sutton and Devonport;Devon;South West;England;Soft Brexit
W07000075;W92000004;Pontypridd;Gwent and Mid Glamorgan;Wales;Wales;Soft Brexit
E14000881;E12000009;Poole;Dorset;South West;England;Hard Brexit
E14000882;E12000007;Poplar and Limehouse;London;London;England;Soft Brexit
E14000883;E12000008;Portsmouth North;Hampshire;South East;England;Hard Brexit
E14000884;E12000008;Portsmouth South;Hampshire;South East;England;Soft Brexit
W07000065;W92000004;Preseli Pembrokeshire;Dyfed;Wales;Wales;Hard Brexit
E14000885;E12000002;Preston;Lancashire;North West;England;Soft Brexit
E14000886;E12000003;Pudsey;West Yorkshire;Yorkshire and The Humber;England;Hard Brexit
E14000887;E12000007;Putney;London;London;England;Soft Brexit
E14000888;E12000006;Rayleigh and Wickford;Essex;East;England;Hard Brexit
E14000889;E12000008;Reading East;Berkshire;South East;England;Soft Brexit
E14000890;E12000008;Reading West;Berkshire;South East;England;Hard Brexit
E14000891;E12000001;Redcar;Cleveland;North East;England;Hard Brexit
E14000892;E12000005;Redditch;Hereford and Worcester;West Midlands;England;Hard Brexit
E14000893;E12000008;Reigate;Surrey;South East;England;Hard Brexit
W07000052;W92000004;Rhondda;Gwent and Mid Glamorgan;Wales;Wales;Soft Brexit
E14000894;E12000002;Ribble Valley;Lancashire;North West;England;Hard Brexit
E14000896;E12000007;Richmond Park;London;London;England;No Brexit
E14000895;E12000003;Richmond (Yorks);North Yorkshire;Yorkshire and The Humber;England;Hard Brexit
E14000897;E12000002;Rochdale;Greater Manchester;North West;England;Soft Brexit
E14000898;E12000008;Rochester and Strood;Kent;South East;England;Hard Brexit
E14000899;E12000006;Rochford and Southend East;Essex;East;England;Hard Brexit
E14000900;E12000007;Romford;London;London;England;Hard Brexit
E14000901;E12000008;Romsey and Southampton North;Hampshire;South East;England;Hard Brexit
E14000902;E12000002;Rossendale and Darwen;Lancashire;North West;England;Hard Brexit
S14000055;S92000003;Ross, Skye and Lochaber;Scotland;Scotland;Scotland;No Brexit
E14000904;E12000003;Rotherham;South Yorkshire;Yorkshire and The Humber;England;Hard Brexit
E14000903;E12000003;Rother Valley;South Yorkshire;Yorkshire and The Humber;England;Hard Brexit
E14000905;E12000005;Rugby;Warwickshire;West Midlands;England;Hard Brexit
E14000906;E12000007;Ruislip, Northwood and Pinner;London;London;England;Hard Brexit
E14000907;E12000008;Runnymede and Weybridge;Surrey;South East;England;Hard Brexit
E14000908;E12000004;Rushcliffe;Nottinghamshire;East Midlands;England;Hard Brexit
S14000056;S92000003;Rutherglen and Hamilton West;Scotland;Scotland;Scotland;No Brexit
E14000909;E12000004;Rutland and Melton;Leicestershire;East Midlands;England;Hard Brexit
E14000910;E12000006;Saffron Walden;Essex;East;England;Hard Brexit
E14000911;E12000002;Salford and Eccles;Greater Manchester;North West;England;Soft Brexit
E14000912;E12000009;Salisbury;Wiltshire;South West;England;Hard Brexit
E14000913;E12000003;Scarborough and Whitby;North Yorkshire;Yorkshire and The Humber;England;Hard Brexit
E14000914;E12000003;Scunthorpe;Humberside;Yorkshire and The Humber;England;Hard Brexit
E14000915;E12000001;Sedgefield;Durham;North East;England;Hard Brexit
E14000916;E12000002;Sefton Central;Merseyside;North West;England;Soft Brexit
E14000917;E12000003;Selby and Ainsty;North Yorkshire;Yorkshire and The Humber;England;Hard Brexit
E14000918;E12000008;Sevenoaks;Kent;South East;England;Hard Brexit
E14000921;E12000003;Sheffield, Brightside and Hillsborough;South Yorkshire;Yorkshire and The Humber;England;Soft Brexit
E14000919;E12000003;Sheffield Central;South Yorkshire;Yorkshire and The Humber;England;Soft Brexit
E14000922;E12000003;Sheffield, Hallam;South Yorkshire;Yorkshire and The Humber;England;No Brexit
E14000923;E12000003;Sheffield, Heeley;South Yorkshire;Yorkshire and The Humber;England;Soft Brexit
E14000920;E12000003;Sheffield South East;South Yorkshire;Yorkshire and The Humber;England;Hard Brexit
E14000924;E12000004;Sherwood;Nottinghamshire;East Midlands;England;Hard Brexit
E14000925;E12000003;Shipley;West Yorkshire;Yorkshire and The Humber;England;Hard Brexit
E14000926;E12000005;Shrewsbury and Atcham;Shropshire;West Midlands;England;Hard Brexit
E14000927;E12000008;Sittingbourne and Sheppey;Kent;South East;England;Hard Brexit
E14000928;E12000003;Skipton and Ripon;North Yorkshire;Yorkshire and The Humber;England;Hard Brexit
E14000929;E12000004;Sleaford and North Hykeham;Lincolnshire;East Midlands;England;Hard Brexit
E14000930;E12000008;Slough;Berkshire;South East;England;Soft Brexit
E14000931;E12000005;Solihull;West Midlands;West Midlands;England;Hard Brexit
E14000932;E12000009;Somerton and Frome;Somerset;South West;England;Hard Brexit
E14000955;E12000008;Southampton, Itchen;Hampshire;South East;England;Hard Brexit
E14000956;E12000008;Southampton, Test;Hampshire;South East;England;Soft Brexit
N06000014;N92000002;South Antrim;Northern Ireland;Northern Ireland;Northern Ireland;Soft Brexit
E14000933;E12000006;South Basildon and East Thurrock;Essex;East;England;Hard Brexit
E14000934;E12000006;South Cambridgeshire;Cambridgeshire;East;England;Hard Brexit
E14000935;E12000004;South Derbyshire;Derbyshire;East Midlands;England;Hard Brexit
E14000936;E12000009;South Dorset;Dorset;South West;England;Hard Brexit
N06000015;N92000002;South Down;Northern Ireland;Northern Ireland;Northern Ireland;No Brexit
E14000937;E12000006;South East Cambridgeshire;Cambridgeshire;East;England;Hard Brexit
E14000938;E12000009;South East Cornwall;Cornwall;South West;England;Hard Brexit
E14000957;E12000006;Southend West;Essex;East;England;Hard Brexit
E14000939;E12000004;South Holland and The Deepings;Lincolnshire;East Midlands;England;Hard Brexit
E14000940;E12000004;South Leicestershire;Leicestershire;East Midlands;England;Hard Brexit
E14000941;E12000006;South Norfolk;Norfolk;East;England;Hard Brexit
E14000942;E12000004;South Northamptonshire;Northamptonshire;East Midlands;England;Hard Brexit
E14000958;E12000002;Southport;Merseyside;North West;England;Hard Brexit
E14000943;E12000002;South Ribble;Lancashire;North West;England;Hard Brexit
E14000944;E12000001;South Shields;Tyne and Wear;North East;England;Soft Brexit
E14000945;E12000005;South Staffordshire;Staffordshire;West Midlands;England;Hard Brexit
E14000946;E12000006;South Suffolk;Suffolk;East;England;Hard Brexit
E14000947;E12000009;South Swindon;Wiltshire;South West;England;Hard Brexit
E14000948;E12000008;South Thanet;Kent;South East;England;Hard Brexit
E14000949;E12000006;South West Bedfordshire;Bedfordshire;East;England;Hard Brexit
E14000950;E12000009;South West Devon;Devon;South West;England;Hard Brexit
E14000951;E12000006;South West Hertfordshire;Hertfordshire;East;England;Hard Brexit
E14000952;E12000006;South West Norfolk;Norfolk;East;England;Hard Brexit
E14000953;E12000008;South West Surrey;Surrey;South East;England;Hard Brexit
E14000954;E12000009;South West Wiltshire;Wiltshire;South West;England;Hard Brexit
E14000959;E12000008;Spelthorne;Surrey;South East;England;Hard Brexit
E14000965;E12000005;Stafford;Staffordshire;West Midlands;England;Hard Brexit
E14000966;E12000005;Staffordshire Moorlands;Staffordshire;West Midlands;England;Hard Brexit
E14000960;E12000006;St Albans;Hertfordshire;East;England;No Brexit
E14000967;E12000002;Stalybridge and Hyde;Greater Manchester;North West;England;Hard Brexit
E14000961;E12000009;St Austell and Newquay;Cornwall;South West;England;Hard Brexit
E14000968;E12000006;Stevenage;Hertfordshire;East;England;Hard Brexit
E14000962;E12000002;St Helens North;Merseyside;North West;England;Soft Brexit
E14000963;E12000002;St Helens South and Whiston;Merseyside;North West;England;Soft Brexit
S14000057;S92000003;Stirling;Scotland;Scotland;Scotland;No Brexit
E14000964;E12000009;St Ives;Cornwall;South West;England;Hard Brexit
E14000969;E12000002;Stockport;Greater Manchester;North West;England;Soft Brexit
E14000970;E12000001;Stockton North;Cleveland;North East;England;Hard Brexit
E14000971;E12000001;Stockton South;Cleveland;North East;England;Hard Brexit
E14000972;E12000005;Stoke-On-Trent Central;Staffordshire;West Midlands;England;Hard Brexit
E14000973;E12000005;Stoke-On-Trent North;Staffordshire;West Midlands;England;Hard Brexit
E14000974;E12000005;Stoke-On-Trent South;Staffordshire;West Midlands;England;Hard Brexit
E14000975;E12000005;Stone;Staffordshire;West Midlands;England;Hard Brexit
E14000976;E12000005;Stourbridge;West Midlands;West Midlands;England;Hard Brexit
N06000016;N92000002;Strangford;Northern Ireland;Northern Ireland;Northern Ireland;Soft Brexit
E14000977;E12000005;Stratford-On-Avon;Warwickshire;West Midlands;England;Hard Brexit
E14000978;E12000007;Streatham;London;London;England;Soft Brexit
E14000979;E12000002;Stretford and Urmston;Greater Manchester;North West;England;Soft Brexit
E14000980;E12000009;Stroud;Gloucestershire;South West;England;Hard Brexit
E14000981;E12000006;Suffolk Coastal;Suffolk;East;England;Hard Brexit
E14000982;E12000001;Sunderland Central;Tyne and Wear;North East;England;Hard Brexit
E14000983;E12000008;Surrey Heath;Surrey;South East;England;Hard Brexit
E14000984;E12000007;Sutton and Cheam;London;London;England;Hard Brexit
E14000985;E12000005;Sutton Coldfield;West Midlands;West Midlands;England;Hard Brexit
W07000048;W92000004;Swansea East;West Glamorgan;Wales;Wales;Soft Brexit
W07000047;W92000004;Swansea West;West Glamorgan;Wales;Wales;Soft Brexit
E14000986;E12000005;Tamworth;Staffordshire;West Midlands;England;Hard Brexit
E14000987;E12000002;Tatton;Cheshire;North West;England;Hard Brexit
E14000988;E12000009;Taunton Deane;Somerset;South West;England;Hard Brexit
E14000989;E12000005;Telford;Shropshire;West Midlands;England;Hard Brexit
E14000990;E12000009;Tewkesbury;Gloucestershire;South West;England;Hard Brexit
E14000991;E12000009;The Cotswolds;Gloucestershire;South West;England;Hard Brexit
E14000992;E12000005;The Wrekin;Shropshire;West Midlands;England;Hard Brexit
E14000993;E12000003;Thirsk and Malton;North Yorkshire;Yorkshire and The Humber;England;Hard Brexit
E14000994;E12000009;Thornbury and Yate;Avon;South West;England;Hard Brexit
E14000995;E12000006;Thurrock;Essex;East;England;Hard Brexit
E14000996;E12000009;Tiverton and Honiton;Devon;South West;England;Hard Brexit
E14000997;E12000008;Tonbridge and Malling;Kent;South East;England;Hard Brexit
E14000998;E12000007;Tooting;London;London;England;Soft Brexit
E14000999;E12000009;Torbay;Devon;South West;England;Hard Brexit
W07000053;W92000004;Torfaen;Gwent and Mid Glamorgan;Wales;Wales;Hard Brexit
E14001000;E12000009;Torridge and West Devon;Devon;South West;England;Hard Brexit
E14001001;E12000009;Totnes;Devon;South West;England;Hard Brexit
E14001002;E12000007;Tottenham;London;London;England;Soft Brexit
E14001003;E12000009;Truro and Falmouth;Cornwall;South West;England;Hard Brexit
E14001004;E12000008;Tunbridge Wells;Kent;South East;England;Hard Brexit
E14001005;E12000007;Twickenham;London;London;England;No Brexit
E14001006;E12000001;Tynemouth;Tyne and Wear;North East;England;Soft Brexit
N06000017;N92000002;Upper Bann;Northern Ireland;Northern Ireland;Northern Ireland;Soft Brexit
E14001007;E12000007;Uxbridge and South Ruislip;London;London;England;Hard Brexit
W07000060;W92000004;Vale Of Clwyd;Clwyd;Wales;Wales;Hard Brexit
W07000078;W92000004;Vale Of Glamorgan;South Glamorgan;Wales;Wales;Hard Brexit
E14001008;E12000007;Vauxhall;London;London;England;Soft Brexit
E14001009;E12000003;Wakefield;West Yorkshire;Yorkshire and The Humber;England;Hard Brexit
E14001010;E12000002;Wallasey;Merseyside;North West;England;Soft Brexit
E14001011;E12000005;Walsall North;West Midlands;West Midlands;England;Hard Brexit
E14001012;E12000005;Walsall South;West Midlands;West Midlands;England;Soft Brexit
E14001013;E12000007;Walthamstow;London;London;England;Soft Brexit
E14001014;E12000001;Wansbeck;Northumberland;North East;England;Hard Brexit
E14001015;E12000008;Wantage;Oxfordshire;South East;England;Hard Brexit
E14001016;E12000005;Warley;West Midlands;West Midlands;England;Soft Brexit
E14001017;E12000002;Warrington North;Cheshire;North West;England;Hard Brexit
E14001018;E12000002;Warrington South;Cheshire;North West;England;Hard Brexit
E14001019;E12000005;Warwick and Leamington;Warwickshire;West Midlands;England;Hard Brexit
E14001020;E12000001;Washington and Sunderland West;Tyne and Wear;North East;England;Hard Brexit
E14001021;E12000006;Watford;Hertfordshire;East;England;Hard Brexit
E14001022;E12000006;Waveney;Suffolk;East;England;Hard Brexit
E14001023;E12000008;Wealden;East Sussex;South East;England;Hard Brexit
E14001024;E12000002;Weaver Vale;Cheshire;North West;England;Hard Brexit
E14001025;E12000004;Wellingborough;Northamptonshire;East Midlands;England;Hard Brexit
E14001026;E12000009;Wells;Somerset;South West;England;Hard Brexit
E14001027;E12000006;Welwyn Hatfield;Hertfordshire;East;England;Hard Brexit
E14001028;E12000003;Wentworth and Dearne;South Yorkshire;Yorkshire and The Humber;England;Hard Brexit
S14000058;S92000003;West Aberdeenshire and Kincardine;Scotland;Scotland;Scotland;No Brexit
E14001029;E12000005;West Bromwich East;West Midlands;West Midlands;England;Hard Brexit
E14001030;E12000005;West Bromwich West;West Midlands;West Midlands;England;Hard Brexit
E14001031;E12000009;West Dorset;Dorset;South West;England;Hard Brexit
S14000059;S92000003;West Dunbartonshire;Scotland;Scotland;Scotland;No Brexit
E14001032;E12000007;West Ham;London;London;England;Soft Brexit
E14001033;E12000002;West Lancashire;Lancashire;North West;England;Soft Brexit
E14001036;E12000007;Westminster North;London;London;England;Soft Brexit
E14001037;E12000002;Westmorland and Lonsdale;Cumbria;North West;England;No Brexit
E14001038;E12000009;Weston-Super-Mare;Avon;South West;England;Hard Brexit
E14001034;E12000006;West Suffolk;Suffolk;East;England;Hard Brexit
N06000018;N92000002;West Tyrone;Northern Ireland;Northern Ireland;Northern Ireland;No Brexit
E14001035;E12000005;West Worcestershire;Hereford and Worcester;West Midlands;England;Hard Brexit
E14001039;E12000002;Wigan;Greater Manchester;North West;England;Soft Brexit
E14001040;E12000007;Wimbledon;London;London;England;Hard Brexit
E14001041;E12000008;Winchester;Hampshire;South East;England;Hard Brexit
E14001042;E12000008;Windsor;Berkshire;South East;England;Hard Brexit
E14001043;E12000002;Wirral South;Merseyside;North West;England;Soft Brexit
E14001044;E12000002;Wirral West;Merseyside;North West;England;Soft Brexit
E14001045;E12000006;Witham;Essex;East;England;Hard Brexit
E14001046;E12000008;Witney;Oxfordshire;South East;England;Hard Brexit
E14001047;E12000008;Woking;Surrey;South East;England;Hard Brexit
E14001048;E12000008;Wokingham;Berkshire;South East;England;Hard Brexit
E14001049;E12000005;Wolverhampton North East;West Midlands;West Midlands;England;Hard Brexit
E14001050;E12000005;Wolverhampton South East;West Midlands;West Midlands;England;Hard Brexit
E14001051;E12000005;Wolverhampton South West;West Midlands;West Midlands;England;Hard Brexit
E14001052;E12000005;Worcester;Hereford and Worcester;West Midlands;England;Hard Brexit
E14001053;E12000002;Workington;Cumbria;North West;England;Hard Brexit
E14001054;E12000002;Worsley and Eccles South;Greater Manchester;North West;England;Hard Brexit
E14001055;E12000008;Worthing West;West Sussex;South East;England;Hard Brexit
W07000044;W92000004;Wrexham;Clwyd;Wales;Wales;Hard Brexit
E14001056;E12000008;Wycombe;Buckinghamshire;South East;England;Hard Brexit
E14001057;E12000002;Wyre and Preston North;Lancashire;North West;England;Hard Brexit
E14001058;E12000005;Wyre Forest;Hereford and Worcester;West Midlands;England;Hard Brexit
E14001059;E12000002;Wythenshawe and Sale East;Greater Manchester;North West;England;Soft Brexit
E14001060;E12000009;Yeovil;Somerset;South West;England;Hard Brexit
W07000041;W92000004;Ynys Mon;Gwynedd;Wales;Wales;Hard Brexit
E14001061;E12000003;York Central;North Yorkshire;Yorkshire and The Humber;England;Soft Brexit
E14001062;E12000003;York Outer;North Yorkshire;Yorkshire and The Humber;England;Hard Brexit