"","PCON11CD","PCON11NM","RegionID","RegionNM","Population","Mean_Age"
"1","E14000538","Aylesbury","E12000008","South East","125,629",38.5892588494695
"2","E14000545","Basingstoke","E12000008","South East","115,155",38.4614389301376
"3","E14000626","Chatham and Aylesford","E12000008","South East","102,672",38.2478085553997
"4","E14000711","Gillingham and Rainham","E12000008","South East","102,638",39.2088797521386
"5","E14000755","Hove","E12000008","South East","104,001",39.38712127768
"6","E14000822","Milton Keynes South","E12000008","South East","136,386",37.3834044550027
"7","E14000883","Portsmouth North","E12000008","South East","99,479",39.1281375968797
"8","E14000890","Reading West","E12000008","South East","103,811",38.5482944967296
"9","E14000898","Rochester and Strood","E12000008","South East","114,121",39.0875299024719
"10","E14001056","Wycombe","E12000008","South East","111,461",38.0566655601511
"11","E14000948","South Thanet","E12000008","South East","101,441",43.3383543143305
"12","E14000736","Havant","E12000008","South East","96,503",43.0961213641027
"13","E14000735","Hastings and Rye","E12000008","South East","111,612",43.171083754435
"14","E14000699","Fareham","E12000008","South East","101,964",43.5029029853674
"15","E14000682","East Worthing and Shoreham","E12000008","South East","100,058",42.9014971316636
"16","E14000670","Dover","E12000008","South East","103,611",43.2395112488056
"17","E14000631","Chesham and Amersham","E12000008","South East","96,046",42.6665556087708
"18","E14000608","Buckingham","E12000008","South East","108,134",42.5070560600736
"19","E14000550","Beaconsfield","E12000008","South East","102,703",43.085167911356
"20","E14000694","Epsom and Ewell","E12000008","South East","111,324",41.1973698393877
"21","E14000697","Esher and Walton","E12000008","South East","114,375",40.6048
"22","E14000803","Maidenhead","E12000008","South East","107,081",41.2979146627319
"23","E14000830","Newbury","E12000008","South East","112,006",41.0539703230184
"24","E14000901","Romsey and Southampton North","E12000008","South East","91,926",41.7894610882666
"25","E14000997","Tonbridge and Malling","E12000008","South East","108,122",41.0296701873809
"26","E14001004","Tunbridge Wells","E12000008","South East","108,565",41.3024455395385
"27","E14001041","Winchester","E12000008","South East","102,140",41.7738594086548
"28","E14001042","Windsor","E12000008","South East","106,936",40.762110047131
"29","E14001048","Wokingham","E12000008","South East","113,796",39.3608562691131
"30","E14001047","Woking","E12000008","South East","108,025",39.8552649849572
"31","E14001015","Wantage","E12000008","South East","123,146",40.3883276760918
"32","E14000927","Sittingbourne and Sheppey","E12000008","South East","120,685",39.8800762315118
"33","E14000874","Oxford West and Abingdon","E12000008","South East","109,935",41.0016464274344
"34","E14000804","Maidstone and The Weald","E12000008","South East","110,586",40.5941710523936
"35","E14000539","Banbury","E12000008","South East","125,951",39.9838905606148
"36","E14000681","East Surrey","E12000008","South East","113,899",41.682481847953
"37","E14000700","Faversham and Mid Kent","E12000008","South East","100,796",41.8928330489305
"38","E14000753","Horsham","E12000008","South East","115,079",41.6393955456686
"39","E14000817","Mid Sussex","E12000008","South East","114,423",41.795023727747
"40","E14000918","Sevenoaks","E12000008","South East","97,964",41.8761892123637
"41","E14000983","Surrey Heath","E12000008","South East","109,548",41.7577043852923
"42","E14001023","Wealden","E12000008","South East","109,997",44.3896742638436
"43","E14000824","Mole Valley","E12000008","South East","97,186",44.3327639783508
"44","E14000811","Meon Valley","E12000008","South East","95,940",44.3216593704399
"45","E14000742","Henley","E12000008","South East","100,513",43.9753564215574
"46","E14000704","Folkestone and Hythe","E12000008","South East","118,368",44.4514902676399
"47","E14000576","Bognor Regis and Littlehampton","E12000008","South East","107,956",44.5778557931009
"48","E14000713","Gosport","E12000008","South East","99,107",42.7417639520922
"49","E14000844","North East Hampshire","E12000008","South East","102,403",41.9179809185278
"50","E14000857","North West Hampshire","E12000008","South East","109,823",41.8850969286944
"51","E14000953","South West Surrey","E12000008","South East","107,122",42.2695431377308
"52","E14001046","Witney","E12000008","South East","110,643",42.7801578048318
"53","E14000821","Milton Keynes North","E12000008","South East","133,071",37.6386515469186
"54","E14000659","Dartford","E12000008","South East","118,548",38.0475841009549
"55","E14000652","Crawley","E12000008","South East","112,409",37.54863044774
"56","E14000597","Brighton, Kemptown","E12000008","South East","96,740",39.7435187099442
"57","E14000530","Aldershot","E12000008","South East","105,218",39.0457526278774
"58","E14000586","Bracknell","E12000008","South East","112,672",38.9765247798921
"59","E14000715","Gravesham","E12000008","South East","106,939",39.4604681173379
"60","E14000907","Runnymede and Weybridge","E12000008","South East","111,844",39.6665355316333
"61","E14000959","Spelthorne","E12000008","South East","99,844",40.9363406914787
"62","E14000893","Reigate","E12000008","South East","107,022",40.3609257909589
"63","E14000685","Eastleigh","E12000008","South East","112,043",40.7507296305883
"64","E14000536","Ashford","E12000008","South East","124,660",40.5271137493984
"65","E14000680","East Hampshire","E12000008","South East","100,345",43.6409985549853
"66","E14000684","Eastbourne","E12000008","South East","111,277",44.5009301113438
"67","E14000852","North Thanet","E12000008","South East","99,791",43.6396568828852
"68","E14000930","Slough","E12000008","South East","142,991",34.3668692435188
"69","E14000889","Reading East","E12000008","South East","115,566",36.4318311614143
"70","E14000619","Canterbury","E12000008","South East","120,604",39.236542734901
"71","E14000955","Southampton, Itchen","E12000008","South East","110,244",36.8136678640107
"72","E14000956","Southampton, Test","E12000008","South East","112,165",35.5025007801007
"73","E14001055","Worthing West","E12000008","South East","100,111",46.504939517136
"74","E14000884","Portsmouth South","E12000008","South East","115,426",35.2195086029144
"75","E14000873","Oxford East","E12000008","South East","121,479",34.1498119016455
"76","E14000828","New Forest West","E12000008","South East","86,378",49.1626687350946
"77","E14000827","New Forest East","E12000008","South East","93,708",44.8419025056559
"78","E14000786","Lewes","E12000008","South East","93,957",45.7664144236193
"79","E14000762","Isle of Wight","E12000008","South East","141,771",46.4642910045073
"80","E14000719","Guildford","E12000008","South East","116,047",38.458004084552
"81","E14000633","Chichester","E12000008","South East","111,756",45.5423959339991
"82","E14000598","Brighton, Pavilion","E12000008","South East","113,515",35.8045456547593
"83","E14000557","Bexhill and Battle","E12000008","South East","107,015",47.4618885203009
"84","E14000534","Arundel and South Downs","E12000008","South East","102,188",46.5254041570439
"85","E14000706","Fylde","E12000002","North West","86,949",46.03331838204
"86","E14000776","Lancaster and Fleetwood","E12000002","North West","92,885",39.6595575173602
"87","E14000793","Liverpool, Riverside","E12000002","North West","137,260",33.7814658312691
"88","E14000807","Manchester Central","E12000002","North West","167,830",30.940743609605
"89","E14000808","Manchester, Gorton","E12000002","North West","118,957",32.1458510217978
"90","E14000809","Manchester, Withington","E12000002","North West","99,037",35.1837495077597
"91","E14000825","Morecambe and Lunesdale","E12000002","North West","90,073",43.1001743030653
"92","E14000877","Penrith and The Border","E12000002","North West","82,903",46.3882127305405
"93","E14000885","Preston","E12000002","North West","97,005",35.0651822071027
"94","E14000897","Rochdale","E12000002","North West","113,898",37.1063056418901
"95","E14000911","Salford and Eccles","E12000002","North West","123,000",36.8417073170732
"96","E14000916","Sefton Central","E12000002","North West","83,474",46.6625536095071
"97","E14001024","Weaver Vale","E12000002","North West","90,838",41.9928223871067
"98","E14001037","Westmorland and Lonsdale","E12000002","North West","85,354",47.2697471706071
"99","E14000688","Ellesmere Port and Neston","E12000002","North West","88,050",42.5988302101079
"100","E14000627","Cheadle","E12000002","North West","94,308",42.9623467786402
"101","E14000571","Blackley and Broughton","E12000002","North West","123,541",33.609012392647
"102","E14000570","Blackburn","E12000002","North West","110,354",35.7932924950614
"103","E14000620","Carlisle","E12000002","North West","86,843",42.0467164883756
"104","E14000805","Makerfield","E12000002","North West","100,832",41.543408838464
"105","E14001033","West Lancashire","E12000002","North West","98,045",41.8292212759447
"106","E14000871","Oldham West and Royton","E12000002","North West","108,557",36.8392457418683
"107","E14000795","Liverpool, Wavertree","E12000002","North West","95,626",37.6490703365194
"108","E14000579","Bolton South East","E12000002","North West","107,403",36.8648361777604
"109","E14000578","Bolton North East","E12000002","North West","99,119",39.1508994239248
"110","E14000775","Knowsley","E12000002","North West","107,644",39.3863568800862
"111","E14000796","Liverpool, West Derby","E12000002","North West","93,314",39.1176136485415
"112","E14001059","Wythenshawe and Sale East","E12000002","North West","108,377",37.7805807505283
"113","E14001054","Worsley and Eccles South","E12000002","North West","104,424",38.5445012640772
"114","E14000969","Stockport","E12000002","North West","90,111",38.3748487975941
"115","E14000870","Oldham East and Saddleworth","E12000002","North West","107,919",38.4245313614841
"116","E14000794","Liverpool, Walton","E12000002","North West","92,730",38.7619432761782
"117","E14000646","Congleton","E12000002","North West","97,590",44.6549646480172
"118","E14000647","Copeland","E12000002","North West","78,172",44.4965588701837
"119","E14000958","Southport","E12000002","North West","92,490",45.3099470212996
"120","E14001044","Wirral West","E12000002","North West","69,602",45.4097727076808
"121","E14001057","Wyre and Preston North","E12000002","North West","91,724",44.9763638742314
"122","E14001053","Workington","E12000002","North West","79,957",44.1335717948397
"123","E14001043","Wirral South","E12000002","North West","73,333",44.3944745203387
"124","E14000987","Tatton","E12000002","North West","86,457",44.2227350012145
"125","E14000802","Macclesfield","E12000002","North West","93,510",44.5555127793819
"126","E14000686","Eddisbury","E12000002","North West","92,293",43.5878560670907
"127","E14000611","Bury North","E12000002","North West","90,192",40.6421522973213
"128","E14000640","City of Chester","E12000002","North West","97,367",41.3532819127631
"129","E14000708","Garston and Halewood","E12000002","North West","99,787",41.151101846934
"130","E14000785","Leigh","E12000002","North West","106,396",40.888520245122
"131","E14001039","Wigan","E12000002","North West","105,762",40.9676254231198
"132","E14000943","South Ribble","E12000002","North West","99,410",43.4475304295343
"133","E14000894","Ribble Valley","E12000002","North West","101,549",43.5776718628445
"134","E14000738","Hazel Grove","E12000002","North West","80,355",43.9995270985004
"135","E14000572","Blackpool North and Cleveleys","E12000002","North West","83,029",43.8553397005865
"136","E14000543","Barrow and Furness","E12000002","North West","86,783",43.5244575550511
"137","E14000609","Burnley","E12000002","North West","88,920",39.9459289248763
"138","E14000612","Bury South","E12000002","North West","100,798",39.5847834282426
"139","E14000758","Hyndburn","E12000002","North West","93,033",39.7424462287575
"140","E14000875","Pendle","E12000002","North West","92,112",39.8481739621331
"141","E14000979","Stretford and Urmston","E12000002","North West","101,561",39.1591063498784
"142","E14000537","Ashton-under-Lyne","E12000002","North West","93,500",39.5222245989305
"143","E14000559","Birkenhead","E12000002","North West","90,650",39.9149145063431
"144","E14000581","Bootle","E12000002","North West","100,446",40.0536805845927
"145","E14000661","Denton and Reddish","E12000002","North West","87,211",40.3898934767403
"146","E14000725","Halton","E12000002","North West","98,816",40.3247348607513
"147","E14000747","Heywood and Middleton","E12000002","North West","108,514",40.1516209889968
"148","E14000967","Stalybridge and Hyde","E12000002","North West","95,065",39.9144795666123
"149","E14001018","Warrington South","E12000002","North West","112,952",41.1374920320136
"150","E14001017","Warrington North","E12000002","North West","97,062",41.1349343718448
"151","E14001010","Wallasey","E12000002","North West","90,426",41.4182314820959
"152","E14000963","St Helens South and Whiston","E12000002","North West","103,395",41.5139803665554
"153","E14000962","St Helens North","E12000002","North West","99,733",41.6365195070839
"154","E14000902","Rossendale and Darwen","E12000002","North West","98,834",41.0459963170569
"155","E14000653","Crewe and Nantwich","E12000002","North West","111,712",41.2021806072758
"156","E14000637","Chorley","E12000002","North West","105,194",41.4624978610947
"157","E14000580","Bolton West","E12000002","North West","96,700",41.501695966908
"158","E14000573","Blackpool South","E12000002","North West","79,825",41.0761290322581
"159","E14000532","Altrincham and Sale West","E12000002","North West","102,319",40.7412113097274
"160","E14000592","Brent North","E12000007","London","136,089",37.4857629933352
"161","E14000639","Cities of London and Westminster","E12000007","London","134,692",38.607593621002
"162","E14000654","Croydon Central","E12000007","London","122,329",37.424592696744
"163","E14000655","Croydon North","E12000007","London","146,870",35.9555729556751
"164","E14000674","Ealing Central and Acton","E12000007","London","123,621",37.0637917505925
"165","E14000732","Harrow West","E12000007","London","111,108",37.218166108651
"166","E14000787","Lewisham East","E12000007","London","111,737",36.5340845020002
"167","E14000788","Lewisham West and Penge","E12000007","London","116,480",36.4559581043956
"168","E14000823","Mitcham and Morden","E12000007","London","106,704",36.8116003148898
"169","E14001036","Westminster North","E12000007","London","136,346",36.7802355771346
"170","E14001013","Walthamstow","E12000007","London","119,321",34.4057626067499
"171","E14001007","Uxbridge and South Ruislip","E12000007","London","111,708",36.4582840978265
"172","E14001002","Tottenham","E12000007","London","141,392",34.848195088831
"173","E14000790","Leyton and Wanstead","E12000007","London","110,744",35.708002239399
"174","E14000737","Hayes and Harlington","E12000007","London","129,010",34.6829935663902
"175","E14000726","Hammersmith","E12000007","London","118,325",36.3868835833509
"176","E14000687","Edmonton","E12000007","London","120,514",35.2325704897356
"177","E14000615","Camberwell and Peckham","E12000007","London","131,424",35.2175325663501
"178","E14000591","Brent Central","E12000007","London","148,793",35.6849784600082
"179","E14000593","Brentford and Isleworth","E12000007","London","136,522",37.0761049501179
"180","E14000629","Chelsea and Fulham","E12000007","London","109,390",38.4390620714873
"181","E14000675","Ealing North","E12000007","London","119,651",37.1469356712439
"182","E14000676","Ealing, Southall","E12000007","London","98,534",37.2639900947896
"183","E14000703","Finchley and Golders Green","E12000007","London","133,678",37.9174733314382
"184","E14000752","Hornsey and Wood Green","E12000007","London","127,255",37.5180621586578
"185","E14000759","Ilford North","E12000007","London","111,153",37.7272138403822
"186","E14000770","Kingston and Surbiton","E12000007","London","128,565",37.9922373896473
"187","E14001040","Wimbledon","E12000007","London","99,844",37.9294198950363
"188","E14000887","Putney","E12000007","London","99,965",36.025158805582
"189","E14000741","Hendon","E12000007","London","143,290",36.0358503733687
"190","E14000727","Hampstead and Kilburn","E12000007","London","151,228",37.0814730076441
"191","E14000701","Feltham and Heston","E12000007","London","135,001",36.0560958807713
"192","E14000696","Erith and Thamesmead","E12000007","London","122,189",35.4838978958826
"193","E14000691","Enfield North","E12000007","London","109,749",36.4075663559577
"194","E14000673","Dulwich and West Norwood","E12000007","London","116,038",35.5929867801927
"195","E14000657","Dagenham and Rainham","E12000007","London","113,034",36.2769520675195
"196","E14000549","Battersea","E12000007","London","120,172",34.9412758379656
"197","E14000718","Greenwich and Woolwich","E12000007","London","133,995",34.0677487965969
"198","E14000720","Hackney North and Stoke Newington","E12000007","London","143,671",33.2393454489772
"199","E14000721","Hackney South and Shoreditch","E12000007","London","137,449",34.4199448522725
"200","E14000760","Ilford South","E12000007","London","146,447",34.0007579533893
"201","E14000789","Lewisham, Deptford","E12000007","London","127,880",34.4889192993431
"202","E14000978","Streatham","E12000007","London","124,054",35.1405275122124
"203","E14000998","Tooting","E12000007","London","109,540",35.1292313310206
"204","E14000900","Romford","E12000007","London","106,657",39.0975838435358
"205","E14000731","Harrow East","E12000007","London","108,511",39.0316926394559
"206","E14000692","Enfield, Southgate","E12000007","London","103,531",39.4786682249761
"207","E14000690","Eltham","E12000007","London","95,445",38.2414479543192
"208","E14000621","Carshalton and Wallington","E12000007","London","103,283",38.2052709545617
"209","E14000558","Bexleyheath and Crayford","E12000007","London","95,295",39.0631302796579
"210","E14000540","Barking","E12000007","London","141,127",32.4473134127417
"211","E14000553","Bermondsey and Old Southwark","E12000007","London","148,887",34.5303082203282
"212","E14000679","East Ham","E12000007","London","164,500",32.9957082066869
"213","E14000750","Holborn and St Pancras","E12000007","London","163,690",35.9681348891197
"214","E14000763","Islington North","E12000007","London","118,493",34.8409019942106
"215","E14001008","Vauxhall","E12000007","London","124,461",35.1321859859715
"216","E14000984","Sutton and Cheam","E12000007","London","103,066",39.5396347971203
"217","E14000751","Hornchurch and Upminster","E12000007","London","111,640",40.656386599785
"218","E14000656","Croydon South","E12000007","London","117,511",40.0671851996834
"219","E14000636","Chipping Barnet","E12000007","London","118,901",39.9370484688943
"220","E14000634","Chingford and Woodford Green","E12000007","London","94,540",39.7840913898879
"221","E14000555","Bethnal Green and Bow","E12000007","London","153,003",32.5560871355464
"222","E14000764","Islington South and Finsbury","E12000007","London","123,974",34.4329536838369
"223","E14000882","Poplar and Limehouse","E12000007","London","171,742",32.1801364837955
"224","E14001032","West Ham","E12000007","London","188,634",33.2770126276281
"225","E14000896","Richmond Park","E12000007","London","128,724",38.7054939249868
"226","E14000768","Kensington","E12000007","London","113,557",39.4933645658128
"227","E14000604","Bromley and Chislehurst","E12000007","London","96,541",39.3715416248019
"228","E14000872","Orpington","E12000007","London","92,293",41.6922301799703
"229","E14000906","Ruislip, Northwood and Pinner","E12000007","London","97,693",42.1286274349237
"230","E14001005","Twickenham","E12000007","London","118,237",39.6217681436437
"231","E14000869","Old Bexley and Sidcup","E12000007","London","89,305",41.0983931470802
"232","E14000551","Beckenham","E12000007","London","93,247",41.2692740785226
"233","E14000945","South Staffordshire","E12000005","West Midlands","97,591",44.7008945497023
"234","E14000966","Staffordshire Moorlands","E12000005","West Midlands","78,654",45.1749942787398
"235","E14000975","Stone","E12000005","West Midlands","86,929",45.5114288672365
"236","E14000977","Stratford-on-Avon","E12000005","West Midlands","95,455",45.5384945785972
"237","E14001035","West Worcestershire","E12000005","West Midlands","97,030",46.8645058229414
"238","E14000926","Shrewsbury and Atcham","E12000005","West Midlands","108,978",43.1827433059884
"239","E14000847","North Herefordshire","E12000005","West Midlands","91,192",46.1988003333626
"240","E14000799","Ludlow","E12000005","West Midlands","86,764",47.8234175464478
"241","E14000651","Coventry South","E12000005","West Midlands","129,009",35.0138982551605
"242","E14000605","Bromsgrove","E12000005","West Midlands","99,881",43.231115026882
"243","E14000568","Birmingham, Yardley","E12000005","West Midlands","113,422",35.5005201812699
"244","E14000567","Birmingham, Selly Oak","E12000005","West Midlands","110,661",35.8920125428109
"245","E14000566","Birmingham, Perry Barr","E12000005","West Midlands","111,980",35.4609037328094
"246","E14000564","Birmingham, Ladywood","E12000005","West Midlands","149,256",30.7713458755427
"247","E14000563","Birmingham, Hodge Hill","E12000005","West Midlands","129,133",31.7610990219386
"248","E14000561","Birmingham, Erdington","E12000005","West Midlands","104,411",36.4755916522206
"249","E14000973","Stoke-on-Trent North","E12000005","West Midlands","99,672",39.5310919817
"250","E14000989","Telford","E12000005","West Midlands","98,895",38.4259062642196
"251","E14001052","Worcester","E12000005","West Midlands","101,222",39.5034083499634
"252","E14001051","Wolverhampton South West","E12000005","West Midlands","88,618",40.1339231307409
"253","E14000834","Newcastle-under-Lyme","E12000005","West Midlands","94,458",40.681202227445
"254","E14000671","Dudley North","E12000005","West Midlands","85,793",39.8967048593708
"255","E14001011","Walsall North","E12000005","West Midlands","100,795",38.0489706830696
"256","E14001030","West Bromwich West","E12000005","West Midlands","96,382",37.370722749061
"257","E14001049","Wolverhampton North East","E12000005","West Midlands","92,248",38.0086939554245
"258","E14000986","Tamworth","E12000005","West Midlands","95,737",41.4961718040047
"259","E14000812","Meriden","E12000005","West Midlands","113,526",41.0658351390871
"260","E14000618","Cannock Chase","E12000005","West Midlands","100,762",41.4500307655664
"261","E14000743","Hereford and South Herefordshire","E12000005","West Midlands","101,609",42.942140952081
"262","E14000854","North Warwickshire","E12000005","West Midlands","93,878",42.1515477534673
"263","E14000985","Sutton Coldfield","E12000005","West Midlands","94,059",42.9210814488778
"264","E14000976","Stourbridge","E12000005","West Midlands","90,585",42.1335872385053
"265","E14000965","Stafford","E12000005","West Midlands","99,615",42.3824424032525
"266","E14000931","Solihull","E12000005","West Midlands","102,848",42.5461457685128
"267","E14000560","Birmingham, Edgbaston","E12000005","West Midlands","105,875",36.2994569067296
"268","E14000562","Birmingham, Hall Green","E12000005","West Midlands","119,422",34.6596606990337
"269","E14000649","Coventry North East","E12000005","West Midlands","129,006",35.0734539478784
"270","E14001050","Wolverhampton South East","E12000005","West Midlands","94,954",38.1834045959096
"271","E14001029","West Bromwich East","E12000005","West Midlands","94,038",38.3986898913205
"272","E14001019","Warwick and Leamington","E12000005","West Midlands","102,971",39.032717949714
"273","E14000565","Birmingham, Northfield","E12000005","West Midlands","103,597",38.2308174947151
"274","E14000650","Coventry North West","E12000005","West Midlands","113,506",37.8677955350378
"275","E14000972","Stoke-on-Trent Central","E12000005","West Midlands","87,354",37.6309155848616
"276","E14001012","Walsall South","E12000005","West Midlands","106,965",36.4406207638012
"277","E14001016","Warley","E12000005","West Midlands","99,653",36.131476222492
"278","E14000992","The Wrekin","E12000005","West Midlands","97,324",40.9513686243886
"279","E14000905","Rugby","E12000005","West Midlands","104,661",40.6752945223149
"280","E14000722","Halesowen and Rowley Regis","E12000005","West Midlands","89,569",40.952729180855
"281","E14000672","Dudley South","E12000005","West Midlands","81,563",41.2595907458039
"282","E14000610","Burton","E12000005","West Midlands","108,508",40.4497917204261
"283","E14000868","Nuneaton","E12000005","West Midlands","95,173",40.3175270297248
"284","E14000892","Redditch","E12000005","West Midlands","91,102",40.600294175759
"285","E14000974","Stoke-on-Trent South","E12000005","West Midlands","89,694",40.4412558253618
"286","E14001058","Wyre Forest","E12000005","West Midlands","101,291",44.0682883967973
"287","E14000849","North Shropshire","E12000005","West Midlands","111,029",43.9104468202001
"288","E14000818","Mid Worcestershire","E12000005","West Midlands","105,260",44.0079992399772
"289","E14000791","Lichfield","E12000005","West Midlands","96,961",44.0586730747414
"290","E14000767","Kenilworth and Southam","E12000005","West Midlands","85,795",43.894492686054
"291","E14000531","Aldridge-Brownhills","E12000005","West Midlands","77,718",43.5655060603721
"292","S14000020","East Lothian","S92000003","Scotland","107,090",42.2983471846111
"293","S14000039","Inverness, Nairn, Badenoch and Strathspey","S92000003","Scotland","105,743",42.5232403090512
"294","S14000040","Kilmarnock and Loudoun","S92000003","Scotland","97,170",42.3001440773901
"295","S14000041","Kirkcaldy and Cowdenbeath","S92000003","Scotland","99,273",42.2436009791182
"296","S14000049","North East Fife","S92000003","Scotland","83,811",43.3586760687738
"297","S14000058","West Aberdeenshire and Kincardine","S92000003","Scotland","97,136",41.7691072310987
"298","S14000019","East Kilbride, Strathaven and Lesmahagow","S92000003","Scotland","103,721",42.2334049999518
"299","S14000007","Banff and Buchan","S92000003","Scotland","91,336",42.3849851099238
"300","S14000021","East Renfrewshire","S92000003","Scotland","95,530",41.5522977075264
"301","S14000028","Falkirk","S92000003","Scotland","112,321",41.9887999572653
"302","S14000036","Glenrothes","S92000003","Scotland","88,113",41.9651016308604
"303","S14000037","Gordon","S92000003","Scotland","104,049",41.9355111533989
"304","S14000053","Paisley and Renfrewshire South","S92000003","Scotland","85,396",42.1091854419411
"305","S14000059","West Dunbartonshire","S92000003","Scotland","88,930",41.692938266052
"306","S14000027","Na h-Eileanan an Iar","S92000003","Scotland","26,720",45.8445733532934
"307","S14000014","Dumfriesshire, Clydesdale and Tweeddale","S92000003","Scotland","86,347",45.607212757826
"308","S14000013","Dumfries and Galloway","S92000003","Scotland","95,606",45.2991130263791
"309","S14000008","Berwickshire, Roxburgh and Selkirk","S92000003","Scotland","94,998",45.1855091686141
"310","S14000005","Argyll and Bute","S92000003","Scotland","85,870",45.7132758821474
"311","S14000004","Angus","S92000003","Scotland","85,769",43.8878849001387
"312","S14000038","Inverclyde","S92000003","Scotland","77,800",43.3961311053985
"313","S14000050","Ochil and South Perthshire","S92000003","Scotland","105,440",43.4038884673748
"314","S14000051","Orkney and Shetland","S92000003","Scotland","45,190",43.3842443018367
"315","S14000054","Perth and North Perthshire","S92000003","Scotland","98,050",44.175369709332
"316","S14000056","Rutherglen and Hamilton West","S92000003","Scotland","106,022",40.8811378770444
"317","S14000045","Midlothian","S92000003","Scotland","92,460",40.7519251568246
"318","S14000043","Linlithgow and East Falkirk","S92000003","Scotland","119,672",40.5268483855873
"319","S14000011","Coatbridge, Chryston and Bellshill","S92000003","Scotland","95,876",40.4441048854771
"320","S14000003","Airdrie and Shotts","S92000003","Scotland","86,728",40.4070311779356
"321","S14000012","Cumbernauld, Kilsyth and Kirkintilloch East","S92000003","Scotland","87,923",41.2146082367526
"322","S14000015","Dundee East","S92000003","Scotland","90,309",42.1550454550488
"323","S14000017","Dunfermline and West Fife","S92000003","Scotland","102,353",41.2816038611472
"324","S14000052","Paisley and Renfrewshire North","S92000003","Scotland","93,704",41.4621894476223
"325","S14000057","Stirling","S92000003","Scotland","94,210",41.485638467254
"326","S14000048","North Ayrshire and Arran","S92000003","Scotland","93,281",44.2754687449749
"327","S14000018","East Dunbartonshire","S92000003","Scotland","84,162",44.1024571659419
"328","S14000010","Central Ayrshire","S92000003","Scotland","87,070",43.9625244056506
"329","S14000006","Ayr, Carrick and Cumnock","S92000003","Scotland","91,839",44.4596631060878
"330","S14000002","Aberdeen South","S92000003","Scotland","95,367",40.4503025155452
"331","S14000030","Glasgow East","S92000003","Scotland","95,476",39.2951527085341
"332","S14000034","Glasgow South","S92000003","Scotland","88,858",40.2589187242567
"333","S14000035","Glasgow South West","S92000003","Scotland","88,382",38.960625466724
"334","S14000033","Glasgow North West","S92000003","Scotland","88,107",39.3904230083875
"335","S14000024","Edinburgh South","S92000003","Scotland","92,094",39.861250461485
"336","S14000026","Edinburgh West","S92000003","Scotland","101,441",41.0598180222987
"337","S14000044","Livingston","S92000003","Scotland","111,997",39.9940891273873
"338","S14000047","Motherwell and Wishaw","S92000003","Scotland","94,192",40.3677488534058
"339","S14000055","Ross, Skye and Lochaber","S92000003","Scotland","69,556",44.8389067801484
"340","S14000046","Moray","S92000003","Scotland","95,820",43.0776873304112
"341","S14000042","Lanark and Hamilton East","S92000003","Scotland","98,206",43.0486935625115
"342","S14000032","Glasgow North East","S92000003","Scotland","87,731",38.6787794508213
"343","S14000031","Glasgow North","S92000003","Scotland","79,540",36.7359316067387
"344","S14000029","Glasgow Central","S92000003","Scotland","106,155",34.1140125288493
"345","S14000025","Edinburgh South West","S92000003","Scotland","106,923",38.4378571495375
"346","S14000023","Edinburgh North and Leith","S92000003","Scotland","115,125",38.7599391965255
"347","S14000022","Edinburgh East","S92000003","Scotland","109,347",37.1853182986273
"348","S14000016","Dundee West","S92000003","Scotland","89,442",39.1236555533195
"349","S14000009","Caithness, Sutherland and Easter Ross","S92000003","Scotland","60,531",44.7424129784738
"350","S14000001","Aberdeen North","S92000003","Scotland","101,992",37.4002666875833
"351","E14000729","Harlow","E12000006","East of England","97,670",38.7529743012184
"352","E14000761","Ipswich","E12000006","East of England","113,180",38.766531189256
"353","E14000800","Luton North","E12000006","East of England","99,950",37.2087943971986
"354","E14000801","Luton South","E12000006","East of England","119,832",34.7751184992323
"355","E14000848","North Norfolk","E12000006","East of England","87,596",49.6849856157815
"356","E14000864","Norwich South","E12000006","East of England","103,898",37.8515467092726
"357","E14000878","Peterborough","E12000006","East of England","124,484",37.4509093538125
"358","E14000946","South Suffolk","E12000006","East of England","96,171",45.4989653845754
"359","E14000981","Suffolk Coastal","E12000006","East of England","103,851",47.3725144678434
"360","E14000995","Thurrock","E12000006","East of England","131,832",35.6251820498817
"361","E14001021","Watford","E12000006","East of England","122,704",37.8747799582736
"362","E14001027","Welwyn Hatfield","E12000006","East of England","117,698",37.6447178371765
"363","E14000644","Colchester","E12000006","East of England","125,091",36.782038675844
"364","E14000642","Clacton","E12000006","East of England","90,620",47.8790885014346
"365","E14000617","Cambridge","E12000006","East of England","115,618",35.3631873929665
"366","E14000603","Broadland","E12000006","East of England","99,787",45.3299728421538
"367","E14000552","Bedford","E12000006","East of England","106,874",39.0754814080132
"368","E14000613","Bury St Edmunds","E12000006","East of England","118,910",43.5359936086116
"369","E14000717","Great Yarmouth","E12000006","East of England","99,336",43.5112446645728
"370","E14000888","Rayleigh and Wickford","E12000006","East of England","101,838",43.2454093756751
"371","E14000863","Norwich North","E12000006","East of England","90,083",41.5859596150217
"372","E14000744","Hertford and Stortford","E12000006","East of England","115,492",40.4094915665154
"373","E14000693","Epping Forest","E12000006","East of England","101,070",40.7594142673395
"374","E14000594","Brentwood and Ongar","E12000006","East of England","97,037",42.3750012881684
"375","E14000842","North East Cambridgeshire","E12000006","East of England","120,266",42.7388705037168
"376","E14001045","Witham","E12000006","East of England","93,620",42.4649647511216
"377","E14000590","Braintree","E12000006","East of England","101,387",42.1069762395573
"378","E14000622","Castle Point","E12000006","East of England","90,376",44.1841196777906
"379","E14000734","Harwich and North Essex","E12000006","East of England","97,079",43.8713934012505
"380","E14000941","South Norfolk","E12000006","East of England","111,749",43.904706082381
"381","E14000952","South West Norfolk","E12000006","East of England","109,461",43.5563168617133
"382","E14000841","North East Bedfordshire","E12000006","East of England","118,933",40.7806748337299
"383","E14000813","Mid Bedfordshire","E12000006","East of England","114,982",40.7662503696231
"384","E14000757","Huntingdon","E12000006","East of England","120,564",41.4614478617166
"385","E14000749","Hitchin and Harpenden","E12000006","East of England","104,528",40.5947784325731
"386","E14000806","Maldon","E12000006","East of England","92,360",44.4390645300996
"387","E14000816","Mid Norfolk","E12000006","East of England","108,187",44.4686884745857
"388","E14000859","North West Norfolk","E12000006","East of England","97,663",44.8194915167464
"389","E14001022","Waveney","E12000006","East of England","105,379",44.5570939181431
"390","E14000624","Central Suffolk and North Ipswich","E12000006","East of England","102,808",44.1169364251809
"391","E14000606","Broxbourne","E12000006","East of England","102,624",40.2713497817275
"392","E14000745","Hertsmere","E12000006","East of England","104,919",40.1454169406876
"393","E14000855","North West Cambridgeshire","E12000006","East of England","135,174",39.5640729726131
"394","E14000899","Rochford and Southend East","E12000006","East of England","106,620",40.1857812793097
"395","E14000960","St Albans","E12000006","East of England","103,947",39.1732709938719
"396","E14000957","Southend West","E12000006","East of England","92,989",42.1444471926787
"397","E14000951","South West Hertfordshire","E12000006","East of England","110,577",41.3494307134395
"398","E14000937","South East Cambridgeshire","E12000006","East of England","121,778",41.7178472302058
"399","E14000934","South Cambridgeshire","E12000006","East of England","117,912",41.2366510618088
"400","E14000910","Saffron Walden","E12000006","East of England","116,163",41.7823747664919
"401","E14000845","North East Hertfordshire","E12000006","East of England","101,567",41.9987889767346
"402","E14000628","Chelmsford","E12000006","East of England","112,149",39.690991448876
"403","E14000739","Hemel Hempstead","E12000006","East of England","107,160",39.134649122807
"404","E14000933","South Basildon and East Thurrock","E12000006","East of England","101,844",39.5482699029889
"405","E14000949","South West Bedfordshire","E12000006","East of England","114,421",39.8763426294124
"406","E14000968","Stevenage","E12000006","East of England","98,303",39.3300509648739
"407","E14001034","West Suffolk","E12000006","East of England","121,051",40.2048144996737
"408","E14000544","Basildon and Billericay","E12000006","East of England","96,910",39.2262614797235
"409","E14000623","Central Devon","E12000009","South West","94,467",45.3559655752803
"410","E14000835","Newton Abbot","E12000009","South West","93,006",45.618734275208
"411","E14000839","North Dorset","E12000009","South West","98,531",45.4427946534593
"412","E14000936","South Dorset","E12000009","South West","94,153",45.8137287181502
"413","E14000991","The Cotswolds","E12000009","South West","103,287",45.4960934096256
"414","E14000996","Tiverton and Honiton","E12000009","South West","104,152",45.8996082648437
"415","E14001026","Wells","E12000009","South West","107,500",45.2214976744186
"416","E14001060","Yeovil","E12000009","South West","111,687",43.5745968644516
"417","E14000994","Thornbury and Yate","E12000009","South West","88,032",43.0460855143584
"418","E14000988","Taunton Deane","E12000009","South West","120,040",43.2819726757747
"419","E14000954","South West Wiltshire","E12000009","South West","103,290",43.4010165553297
"420","E14000912","Salisbury","E12000009","South West","97,809",43.3768262634318
"421","E14000860","North Wiltshire","E12000009","South West","95,941",42.7939983948468
"422","E14000635","Chippenham","E12000009","South West","99,576",42.9910219329959
"423","E14000678","East Devon","E12000009","South West","108,112",45.5821832914015
"424","E14000705","Forest of Dean","E12000009","South West","91,318",44.5834556166364
"425","E14000815","Mid Dorset and North Poole","E12000009","South West","83,185",44.8475686722366
"426","E14000837","North Cornwall","E12000009","South West","94,614",44.9328112118714
"427","E14000932","Somerton and Frome","E12000009","South West","108,553",44.9151474394996
"428","E14000999","Torbay","E12000009","South West","100,462",44.9260217793793
"429","E14000879","Plymouth, Moor View","E12000009","South West","93,511",40.7279999144486
"430","E14000851","North Swindon","E12000009","South West","113,079",39.7510413074046
"431","E14000774","Kingswood","E12000009","South West","91,927",40.7383576098426
"432","E14000665","Devizes","E12000009","South West","103,408",40.4952904997679
"433","E14000584","Bournemouth East","E12000009","South West","106,282",40.512335108485
"434","E14000616","Camborne and Redruth","E12000009","South West","94,075",42.6689662503322
"435","E14000881","Poole","E12000009","South West","99,124",43.1189419313183
"436","E14000990","Tewkesbury","E12000009","South West","110,658",42.8669684975329
"437","E14001003","Truro and Falmouth","E12000009","South West","97,166",42.9630426280798
"438","E14001038","Weston-Super-Mare","E12000009","South West","112,480",42.9855352062589
"439","E14000950","South West Devon","E12000009","South West","90,572",44.3230137349291
"440","E14000850","North Somerset","E12000009","South West","102,572",44.4673887610654
"441","E14000838","North Devon","E12000009","South West","97,145",44.6734572031499
"442","E14000595","Bridgwater and West Somerset","E12000009","South West","114,445",44.4771637030888
"443","E14000980","Stroud","E12000009","South West","106,539",43.306601338477
"444","E14001000","Torridge and West Devon","E12000009","South West","102,019",46.760966094551
"445","E14001001","Totnes","E12000009","South West","87,195",47.5118412753025
"446","E14001031","West Dorset","E12000009","South West","99,703",48.2226913934385
"447","E14000964","St Ives","E12000009","South West","87,124",46.1598296680593
"448","E14000961","St Austell and Newquay","E12000009","South West","108,415",43.767522944242
"449","E14000947","South Swindon","E12000009","South West","109,114",39.2837307769855
"450","E14000938","South East Cornwall","E12000009","South West","90,408",46.1290040704362
"451","E14000880","Plymouth, Sutton and Devonport","E12000009","South West","113,628",37.362331467596
"452","E14000846","North East Somerset","E12000009","South West","95,759",42.1444563957435
"453","E14000712","Gloucester","E12000009","South West","119,786",39.0505651745613
"454","E14000702","Filton and Bradley Stoke","E12000009","South West","105,134",38.5391595487663
"455","E14000698","Exeter","E12000009","South West","116,470",37.4352794711084
"456","E14000638","Christchurch","E12000009","South West","87,712",49.5193018059103
"457","E14000630","Cheltenham","E12000009","South West","105,482",40.65332473787
"458","E14000602","Bristol West","E12000009","South West","142,935",32.284534928464
"459","E14000601","Bristol South","E12000009","South West","113,569",36.8677544048112
"460","E14000600","Bristol North West","E12000009","South West","106,068",38.2633499264623
"461","E14000599","Bristol East","E12000009","South West","100,805",37.6806309210853
"462","E14000585","Bournemouth West","E12000009","South West","105,149",40.0713939267135
"463","E14000547","Bath","E12000009","South West","97,523",37.7561498313218
"464","E14000588","Bradford South","E12000003","Yorkshire and The Humber","106,524",36.9310108520146
"465","E14000589","Bradford West","E12000003","Yorkshire and The Humber","119,680",33.1364722593583
"466","E14000614","Calder Valley","E12000003","Yorkshire and The Humber","105,098",42.7791870444728
"467","E14000645","Colne Valley","E12000003","Yorkshire and The Humber","112,441",41.4688770110547
"468","E14000667","Don Valley","E12000003","Yorkshire and The Humber","101,209",42.3203865268899
"469","E14000689","Elmet and Rothwell","E12000003","Yorkshire and The Humber","100,207",43.6984242617781
"470","E14000724","Haltemprice and Howden","E12000003","Yorkshire and The Humber","90,228",45.4208228044509
"471","E14000730","Harrogate and Knaresborough","E12000003","Yorkshire and The Humber","103,404",44.0043228501799
"472","E14000756","Huddersfield","E12000003","Yorkshire and The Humber","101,032",38.1702430912978
"473","E14000777","Leeds Central","E12000003","Yorkshire and The Humber","158,111",31.518085395703
"474","E14000913","Scarborough and Whitby","E12000003","Yorkshire and The Humber","97,157",45.4812828720525
"475","E14000919","Sheffield Central","E12000003","Yorkshire and The Humber","137,151",31.8965592667935
"476","E14001062","York Outer","E12000003","Yorkshire and The Humber","96,899",43.4959597106265
"477","E14000925","Shipley","E12000003","Yorkshire and The Humber","95,890",42.7470017728647
"478","E14000917","Selby and Ainsty","E12000003","Yorkshire and The Humber","104,730",42.2596677169865
"479","E14000903","Rother Valley","E12000003","Yorkshire and The Humber","97,182",42.3778991994402
"480","E14000778","Leeds East","E12000003","Yorkshire and The Humber","101,978",36.305516876189
"481","E14000781","Leeds West","E12000003","Yorkshire and The Humber","94,818",36.8212681136493
"482","E14000921","Sheffield, Brightside and Hillsborough","E12000003","Yorkshire and The Humber","112,704",36.3902612152186
"483","E14000920","Sheffield South East","E12000003","Yorkshire and The Humber","94,491",40.53710935433
"484","E14000886","Pudsey","E12000003","Yorkshire and The Humber","91,881",40.2842698708112
"485","E14000836","Normanton, Pontefract and Castleford","E12000003","Yorkshire and The Humber","114,871",40.4681512305107
"486","E14000772","Kingston upon Hull North","E12000003","Yorkshire and The Humber","98,151",35.7563040621084
"487","E14000780","Leeds North West","E12000003","Yorkshire and The Humber","85,768",37.8827534744893
"488","E14001061","York Central","E12000003","Yorkshire and The Humber","113,719",36.7617372646611
"489","E14000587","Bradford East","E12000003","Yorkshire and The Humber","119,963",33.5427756891708
"490","E14000740","Hemsworth","E12000003","Yorkshire and The Humber","100,155",41.3929209724926
"491","E14000766","Keighley","E12000003","Yorkshire and The Humber","97,719",41.2871191886941
"492","E14000922","Sheffield, Hallam","E12000003","Yorkshire and The Humber","91,704",41.6174212684289
"493","E14001028","Wentworth and Dearne","E12000003","Yorkshire and The Humber","99,364",41.0746849965782
"494","E14000993","Thirsk and Malton","E12000003","Yorkshire and The Humber","102,505",46.284444661236
"495","E14000928","Skipton and Ripon","E12000003","Yorkshire and The Humber","100,459",46.1411122945679
"496","E14000683","East Yorkshire","E12000003","Yorkshire and The Humber","103,003",46.530042814287
"497","E14000556","Beverley and Holderness","E12000003","Yorkshire and The Humber","100,491",46.2797962006548
"498","E14000596","Brigg and Goole","E12000003","Yorkshire and The Humber","88,875",43.8945935302391
"499","E14000643","Cleethorpes","E12000003","Yorkshire and The Humber","94,368",44.0130340793489
"500","E14000876","Penistone and Stocksbridge","E12000003","Yorkshire and The Humber","89,412",44.4557218270478
"501","E14000895","Richmond (Yorks)","E12000003","Yorkshire and The Humber","109,799",44.5239665206423
"502","E14001009","Wakefield","E12000003","Yorkshire and The Humber","100,807",40.6639519081016
"503","E14000826","Morley and Outwood","E12000003","Yorkshire and The Humber","99,979",40.6862041028616
"504","E14000669","Doncaster North","E12000003","Yorkshire and The Humber","99,258",40.6113461887203
"505","E14000542","Barnsley East","E12000003","Yorkshire and The Humber","95,484",41.0327489422312
"506","E14000541","Barnsley Central","E12000003","Yorkshire and The Humber","92,154",40.8976495865616
"507","E14000548","Batley and Spen","E12000003","Yorkshire and The Humber","111,807",39.289293156958
"508","E14000666","Dewsbury","E12000003","Yorkshire and The Humber","114,507",39.4216336119189
"509","E14000668","Doncaster Central","E12000003","Yorkshire and The Humber","111,423",39.8402214982544
"510","E14000914","Scunthorpe","E12000003","Yorkshire and The Humber","92,558",40.2712569415934
"511","E14000923","Sheffield, Heeley","E12000003","Yorkshire and The Humber","95,036",40.2077002399091
"512","E14000904","Rotherham","E12000003","Yorkshire and The Humber","92,448",39.2982000692281
"513","E14000779","Leeds North East","E12000003","Yorkshire and The Humber","92,876",38.9276454627676
"514","E14000773","Kingston upon Hull West and Hessle","E12000003","Yorkshire and The Humber","87,441",39.2805663247218
"515","E14000771","Kingston upon Hull East","E12000003","Yorkshire and The Humber","89,368",39.4549167487244
"516","E14000723","Halifax","E12000003","Yorkshire and The Humber","106,357",39.0715138636855
"517","E14000716","Great Grimsby","E12000003","Yorkshire and The Humber","88,323",39.5134449690341
"518","E14000607","Broxtowe","E12000004","East Midlands","98,756",42.0334966989347
"519","E14000695","Erewash","E12000004","East Midlands","97,183",41.5610343372812
"520","E14000710","Gedling","E12000004","East Midlands","95,430",41.7671801320339
"521","E14000810","Mansfield","E12000004","East Midlands","109,313",41.2889500791306
"522","E14000935","South Derbyshire","E12000004","East Midlands","107,261",40.8884403464447
"523","E14000942","South Northamptonshire","E12000004","East Midlands","120,599",40.5696730486986
"524","E14000714","Grantham and Stamford","E12000004","East Midlands","111,989",42.890230290475
"525","E14000660","Daventry","E12000004","East Midlands","102,753",42.61322783763
"526","E14000582","Boston and Skegness","E12000004","East Midlands","108,510",43.2890885632661
"527","E14000546","Bassetlaw","E12000004","East Midlands","108,065",42.8251885439319
"528","E14000533","Amber Valley","E12000004","East Midlands","91,849",42.9265207024573
"529","E14000577","Bolsover","E12000004","East Midlands","100,301",42.2190008075692
"530","E14000583","Bosworth","E12000004","East Midlands","106,289",42.808785481094
"531","E14000625","Charnwood","E12000004","East Midlands","104,322",42.3604512950289
"532","E14000632","Chesterfield","E12000004","East Midlands","94,524",42.8403156870213
"533","E14000728","Harborough","E12000004","East Midlands","107,330",42.3674927792789
"534","E14000940","South Leicestershire","E12000004","East Midlands","108,068",41.6749916719103
"535","E14000924","Sherwood","E12000004","East Midlands","102,278",42.1464831146483
"536","E14000908","Rushcliffe","E12000004","East Midlands","101,548",42.1451825737582
"537","E14000858","North West Leicestershire","E12000004","East Midlands","103,611",41.8534711565374
"538","E14000535","Ashfield","E12000004","East Midlands","107,531",41.644009634431
"539","E14000814","Mid Derbyshire","E12000004","East Midlands","83,863",44.3032565016753
"540","E14000843","North East Derbyshire","E12000004","East Midlands","92,099",44.6507888250687
"541","E14000909","Rutland and Melton","E12000004","East Midlands","105,242",44.3403109024914
"542","E14000929","Sleaford and North Hykeham","E12000004","East Midlands","119,467",44.4482827893895
"543","E14000866","Nottingham North","E12000004","East Midlands","99,932",36.6028599447624
"544","E14000797","Loughborough","E12000004","East Midlands","111,220",38.2789696097824
"545","E14000782","Leicester East","E12000004","East Midlands","116,454",36.9166537860443
"546","E14000748","High Peak","E12000004","East Midlands","92,666",43.129572874625
"547","E14000829","Newark","E12000004","East Midlands","105,303",43.5796131164354
"548","E14000939","South Holland and The Deepings","E12000004","East Midlands","109,122",43.897527537985
"549","E14001025","Wellingborough","E12000004","East Midlands","113,955",40.6632091615111
"550","E14000867","Nottingham South","E12000004","East Midlands","121,189",33.5848715642509
"551","E14000865","Nottingham East","E12000004","East Midlands","111,779",33.4988772488571
"552","E14000862","Northampton South","E12000004","East Midlands","101,715",37.3778302118665
"553","E14000861","Northampton North","E12000004","East Midlands","87,462",39.1423932679335
"554","E14000798","Louth and Horncastle","E12000004","East Midlands","100,793",47.7373230283849
"555","E14000792","Lincoln","E12000004","East Midlands","113,079",37.822133198914
"556","E14000784","Leicester West","E12000004","East Midlands","108,910",34.3866587090258
"557","E14000783","Leicester South","E12000004","East Midlands","128,860",33.6060065187025
"558","E14000769","Kettering","E12000004","East Midlands","101,776",40.3272185977048
"559","E14000707","Gainsborough","E12000004","East Midlands","98,264",44.5582410648864
"560","E14000664","Derbyshire Dales","E12000004","East Midlands","81,043",46.7445553595005
"561","E14000663","Derby South","E12000004","East Midlands","117,075",36.1879564381807
"562","E14000662","Derby North","E12000004","East Midlands","102,132",38.7776602827713
"563","E14000648","Corby","E12000004","East Midlands","125,018",40.0156297493161
"564","W07000044","Wrexham","W92000004","Wales","71,250",41.5862315789474
"565","W07000047","Swansea West","W92000004","Wales","83,096",39.2299629344373
"566","W07000048","Swansea East","W92000004","Wales","84,125",39.2985913818722
"567","W07000050","Cardiff Central","W92000004","Wales","93,919",33.3314345340134
"568","W07000051","Cardiff North","W92000004","Wales","91,158",40.1499045613111
"569","W07000055","Newport East","W92000004","Wales","82,455",39.1436541143654
"570","W07000057","Arfon","W92000004","Wales","62,829",38.9948908943322
"571","W07000060","Vale of Clwyd","W92000004","Wales","72,505",43.1348320805462
"572","W07000065","Preseli Pembrokeshire","W92000004","Wales","79,620",44.3338357196684
"573","W07000066","Carmarthen West and South Pembrokeshire","W92000004","Wales","78,307",44.7744773775014
"574","W07000068","Brecon and Radnorshire","W92000004","Wales","69,171",46.8543753885299
"575","W07000069","Neath","W92000004","Wales","74,500",42.9302953020134
"576","W07000077","Islwyn","W92000004","Wales","76,603",41.5856950772163
"577","W07000079","Cardiff West","W92000004","Wales","94,174",38.4651071420987
"578","W07000080","Cardiff South and Penarth","W92000004","Wales","117,671",37.5041684017302
"579","W07000041","Ynys Mn","W92000004","Wales","70,043",44.917250831632
"580","W07000042","Delyn","W92000004","Wales","70,093",43.4954275034597
"581","W07000046","Gower","W92000004","Wales","79,772",43.7474301760016
"582","W07000064","Ceredigion","W92000004","Wales","72,695",43.9102001513171
"583","W07000075","Pontypridd","W92000004","Wales","82,682",40.6452069374229
"584","W07000071","Merthyr Tydfil and Rhymney","W92000004","Wales","76,528",40.6729301693498
"585","W07000070","Cynon Valley","W92000004","Wales","71,329",40.7709487024913
"586","W07000056","Newport West","W92000004","Wales","90,070",40.2237037859443
"587","W07000062","Clwyd South","W92000004","Wales","72,416",41.7404855280601
"588","W07000072","Blaenau Gwent","W92000004","Wales","69,862",41.8751825026481
"589","W07000073","Bridgend","W92000004","Wales","85,504",42.2005871070359
"590","W07000078","Vale of Glamorgan","W92000004","Wales","103,568",41.8569056079098
"591","W07000045","Llanelli","W92000004","Wales","83,546",42.2848730040936
"592","W07000049","Aberavon","W92000004","Wales","68,815",41.378187895081
"593","W07000052","Rhondda","W92000004","Wales","69,739",41.2441388606088
"594","W07000053","Torfaen","W92000004","Wales","84,075",41.0238953315492
"595","W07000074","Ogmore","W92000004","Wales","79,059",40.6162739220076
"596","W07000076","Caerphilly","W92000004","Wales","88,270",40.7287640194857
"597","W07000043","Alyn and Deeside","W92000004","Wales","86,007",40.9847803085795
"598","W07000054","Monmouth","W92000004","Wales","86,627",45.7891996721576
"599","W07000058","Aberconwy","W92000004","Wales","59,177",46.1641854098721
"600","W07000059","Clwyd West","W92000004","Wales","73,508",45.8826114164445
"601","W07000061","Dwyfor Meirionnydd","W92000004","Wales","61,731",45.8729973595114
"602","W07000063","Montgomeryshire","W92000004","Wales","63,264",45.2537145928174
"603","W07000067","Carmarthen East and Dinefwr","W92000004","Wales","73,116",45.3852508342907
"604","E14000944","South Shields","E12000001","North East","84,097",42.1001938237987
"605","E14000891","Redcar","E12000001","North East","87,800",42.1422665148064
"606","E14000765","Jarrow","E12000001","North East","83,743",42.0819770010628
"607","E14000754","Houghton and Sunderland South","E12000001","North East","88,552",42.1618709910561
"608","E14000677","Easington","E12000001","North East","82,398",41.7685016626617
"609","E14000820","Middlesbrough South and East Cleveland","E12000001","North East","94,168",43.0504311443378
"610","E14000840","North Durham","E12000001","North East","88,368",42.6742599130907
"611","E14000856","North West Durham","E12000001","North East","94,903",42.9838572015637
"612","E14000915","Sedgefield","E12000001","North East","84,827",42.9938816650359
"613","E14000971","Stockton South","E12000001","North East","104,830",40.4966517218354
"614","E14000833","Newcastle upon Tyne North","E12000001","North East","93,126",41.1893026652063
"615","E14000733","Hartlepool","E12000001","North East","93,663",41.0774478716249
"616","E14000569","Bishop Auckland","E12000001","North East","89,712",43.3370340645622
"617","E14000574","Blaydon","E12000001","North East","87,656",43.8504837090444
"618","E14001014","Wansbeck","E12000001","North East","83,384",43.5430178451501
"619","E14001020","Washington and Sunderland West","E12000001","North East","87,543",41.1974115577488
"620","E14000853","North Tyneside","E12000001","North East","106,596",41.5598521520507
"621","E14000658","Darlington","E12000001","North East","92,083",41.4305354951511
"622","E14000970","Stockton North","E12000001","North East","92,518",40.4254091095787
"623","E14000982","Sunderland Central","E12000001","North East","101,610",41.1845586064364
"624","E14001006","Tynemouth","E12000001","North East","101,317",42.6331316560893
"625","E14000832","Newcastle upon Tyne East","E12000001","North East","102,501",34.9650052194613
"626","E14000831","Newcastle upon Tyne Central","E12000001","North East","107,193",34.5720336215984
"627","E14000819","Middlesbrough","E12000001","North East","96,162",36.5396518375242
"628","E14000746","Hexham","E12000001","North East","77,819",46.5328904252175
"629","E14000709","Gateshead","E12000001","North East","97,535",39.2033013789922
"630","E14000641","City of Durham","E12000001","North East","104,606",39.3402577290022
"631","E14000575","Blyth Valley","E12000001","North East","84,891",42.5901450094827
"632","E14000554","Berwick-upon-Tweed","E12000001","North East","76,340",47.3315430966728
"633","N06000004","Belfast West","N92000002","Northern Ireland","94,696",36.7559347807722
"634","N06000005","East Antrim","N92000002","Northern Ireland","90,460",41.420970594738
"635","N06000006","East Londonderry","N92000002","Northern Ireland","102,093",40.256452450217
"636","N06000007","Fermanagh and South Tyrone","N92000002","Northern Ireland","109,281",38.5571233791784
"637","N06000009","Lagan Valley","N92000002","Northern Ireland","110,296",39.8704758105462
"638","N06000010","Mid Ulster","N92000002","Northern Ireland","104,915",37.3313539532002
"639","N06000011","Newry and Armagh","N92000002","Northern Ireland","121,105",37.3834523760373
"640","N06000012","North Antrim","N92000002","Northern Ireland","113,109",40.2126798044364
"641","N06000013","North Down","N92000002","Northern Ireland","92,168",42.5738000173596
"642","N06000015","South Down","N92000002","Northern Ireland","114,239",38.5515104298882
"643","N06000016","Strangford","N92000002","Northern Ireland","92,461",41.896453639913
"644","N06000003","Belfast South","N92000002","Northern Ireland","116,529",37.3627938109827
"645","N06000001","Belfast East","N92000002","Northern Ireland","96,321",40.0800863778408
"646","N06000014","South Antrim","N92000002","Northern Ireland","104,383",38.8006955155533
"647","N06000018","West Tyrone","N92000002","Northern Ireland","93,531",38.7987084496049
"648","N06000017","Upper Bann","N92000002","Northern Ireland","128,894",37.9219513708939
"649","N06000008","Foyle","N92000002","Northern Ireland","103,754",37.6360333095592
"650","N06000002","Belfast North","N92000002","Northern Ireland","105,432",38.6075764473784
